student_email,job_id,status
thomas.kapadia0@example.com,4,Applied
ekaraj.uppal1@example.com,1,Applied
aadhya.zachariah2@example.com,3,Applied
samarth.grewal3@example.com,4,Applied
gayathri.shan4@example.com,3,Applied
janya.maharaj5@example.com,5,Applied
keya.dey6@example.com,2,Applied
yashvi.nadkarni7@example.com,2,Applied
faris.doshi8@example.com,1,Applied
liam.atwal9@example.com,4,Applied
ansh.murty10@example.com,1,Applied
pooja.divan11@example.com,1,Applied
chanakya.lala12@example.com,5,Applied
ubika.kumer13@example.com,3,Applied
anthony.mukhopadhyay14@example.com,4,Applied
rehaan.krishnamurthy15@example.com,4,Applied
isaac.lad16@example.com,3,Applied
charita.mutti17@example.com,3,Applied
yuvraj.modi18@example.com,5,Applied
upkaar.devan19@example.com,2,Applied
indira.seth20@example.com,1,Applied
waida.doshi21@example.com,1,Applied
panini.konda22@example.com,2,Applied
sathvik.rao23@example.com,5,Applied
oscar.karpe24@example.com,2,Applied
agastya.suresh25@example.com,2,Applied
umang.dani26@example.com,4,Applied
mohammed.parsa27@example.com,2,Applied
vasudha.lalla28@example.com,2,Applied
siya.patla29@example.com,3,Applied
leela.master30@example.com,1,Applied
omkaar.vora31@example.com,1,Applied
manbir.mitra32@example.com,4,Applied
brijesh.nagy33@example.com,1,Applied
akshay.sur34@example.com,1,Applied
ryan.tank35@example.com,3,Applied
geetika.merchant36@example.com,3,Applied
abhimanyu.gara37@example.com,2,Applied
ubika.gola38@example.com,1,Applied
harrison.dugar39@example.com,3,Applied
saumya.gour40@example.com,4,Applied
hema.hayre41@example.com,2,Applied
lipika.parsa42@example.com,1,Applied
aarush.sur43@example.com,5,Applied
baljiwan.goswami44@example.com,1,Applied
vedhika.banik45@example.com,5,Applied
ayaan.chahal46@example.com,4,Applied
hemani.rout47@example.com,3,Applied
michael.dara48@example.com,1,Applied
jairaj.rajan49@example.com,3,Applied
chanakya.bhardwaj50@example.com,3,Applied
ekalinga.contractor51@example.com,5,Applied
ethan.balasubramanian52@example.com,4,Applied
zayyan.sur53@example.com,2,Applied
pallavi.prabhakar54@example.com,1,Applied
wazir.deshpande55@example.com,5,Applied
ojas.mannan56@example.com,3,Applied
indali.dave57@example.com,2,Applied
amara.sarin58@example.com,4,Applied
hardik.kota59@example.com,3,Applied
onkar.bhavsar60@example.com,5,Applied
siddharth.barad61@example.com,2,Applied
bhavika.radhakrishnan62@example.com,2,Applied
ethan.gala63@example.com,5,Applied
bimala.suresh64@example.com,2,Applied
chanchal.manda65@example.com,1,Applied
gaurangi.banerjee66@example.com,2,Applied
aashi.nayak67@example.com,1,Applied
eta.mander68@example.com,5,Applied
ayush.jani69@example.com,4,Applied
chavvi.kade70@example.com,2,Applied
veda.brar71@example.com,3,Applied
arjun.bandi72@example.com,5,Applied
varenya.prabhakar73@example.com,4,Applied
tanish.kaul74@example.com,4,Applied
tamanna.bhat75@example.com,2,Applied
chameli.parmer76@example.com,1,Applied
ganga.bava77@example.com,2,Applied
balendra.raman78@example.com,3,Applied
rehaan.khurana79@example.com,3,Applied
darika.taneja80@example.com,2,Applied
timothy.kala81@example.com,1,Applied
vinaya.wason82@example.com,3,Applied
turvi.borde83@example.com,2,Applied
henry.gopal84@example.com,4,Applied
sai.prabhu85@example.com,2,Applied
victor.upadhyay86@example.com,2,Applied
falan.dalal87@example.com,5,Applied
neelima.datta88@example.com,4,Applied
oeshi.pathak89@example.com,2,Applied
chanchal.dora90@example.com,3,Applied
finn.master91@example.com,2,Applied
timothy.kaul92@example.com,2,Applied
wyatt.batra93@example.com,1,Applied
chaaya.shenoy94@example.com,2,Applied
lopa.parmer95@example.com,1,Applied
matthew.raju96@example.com,4,Applied
abdul.upadhyay97@example.com,2,Applied
abhiram.wadhwa98@example.com,3,Applied
ubika.sankaran99@example.com,3,Applied
ekiya.jhaveri100@example.com,4,Applied
yasti.krish101@example.com,2,Applied
anita.dhillon102@example.com,2,Applied
hema.rastogi103@example.com,1,Applied
suhani.dutt104@example.com,3,Applied
gautam.kari105@example.com,5,Applied
eta.prabhu106@example.com,2,Applied
avni.sinha107@example.com,2,Applied
onveer.hayer108@example.com,3,Applied
praneel.ganesan109@example.com,2,Applied
rudra.kala110@example.com,5,Applied
hardik.buch111@example.com,2,Applied
irya.wadhwa112@example.com,2,Applied
xiti.vora113@example.com,4,Applied
divya.sridhar114@example.com,4,Applied
gunbir.dyal115@example.com,3,Applied
warinder.kant116@example.com,3,Applied
chanakya.batra117@example.com,3,Applied
ayushman.bhatia118@example.com,3,Applied
mohammed.sachdeva119@example.com,1,Applied
chanchal.acharya120@example.com,4,Applied
dayita.bhalla121@example.com,5,Applied
krisha.apte122@example.com,2,Applied
radhika.nair123@example.com,1,Applied
agastya.padmanabhan124@example.com,1,Applied
pratyush.kalita125@example.com,3,Applied
pranav.jain126@example.com,2,Applied
urvashi.bansal127@example.com,4,Applied
indali.bains128@example.com,4,Applied
anusha.anne129@example.com,1,Applied
pushti.jha130@example.com,3,Applied
anmol.narasimhan131@example.com,3,Applied
ryan.dhar132@example.com,1,Applied
brinda.dara133@example.com,5,Applied
divya.salvi134@example.com,3,Applied
farhan.comar135@example.com,2,Applied
lajita.minhas136@example.com,2,Applied
widisha.gole137@example.com,3,Applied
rehaan.padmanabhan138@example.com,4,Applied
eta.magar139@example.com,5,Applied
sanaya.khurana140@example.com,4,Applied
panini.parmar141@example.com,2,Applied
vaishnavi.kala142@example.com,3,Applied
bhavini.nagy143@example.com,2,Applied
bhavika.banik144@example.com,5,Applied
xalak.madan145@example.com,1,Applied
gayathri.bose146@example.com,3,Applied
dipta.khanna147@example.com,1,Applied
nilima.merchant148@example.com,2,Applied
viraj.sama149@example.com,1,Applied
chaitanya.basu150@example.com,3,Applied
ojasvi.dugar151@example.com,3,Applied
champak.padmanabhan152@example.com,1,Applied
vihaan.balay153@example.com,3,Applied
darpan.mutti154@example.com,5,Applied
zinal.trivedi155@example.com,4,Applied
lakshit.kadakia156@example.com,2,Applied
yauvani.chaudhry157@example.com,1,Applied
aarna.patla158@example.com,4,Applied
keya.natarajan159@example.com,2,Applied
forum.bala160@example.com,3,Applied
wahab.murthy161@example.com,5,Applied
aadi.warrior162@example.com,1,Applied
kashvi.rastogi163@example.com,2,Applied
azaan.issac164@example.com,3,Applied
ganga.das165@example.com,4,Applied
nisha.thakur166@example.com,3,Applied
eesha.kalla167@example.com,1,Applied
ekansh.comar168@example.com,5,Applied
shivansh.bains169@example.com,3,Applied
tejas.wason170@example.com,3,Applied
maya.sengupta171@example.com,4,Applied
falan.malhotra172@example.com,5,Applied
pahal.raju173@example.com,2,Applied
balveer.jani174@example.com,3,Applied
ayaan.kapoor175@example.com,3,Applied
kritika.pall176@example.com,3,Applied
lipika.bahri177@example.com,3,Applied
xiti.sami178@example.com,1,Applied
kashvi.kaur179@example.com,2,Applied
rachita.sengupta180@example.com,3,Applied
hritik.ben181@example.com,1,Applied
balvan.sheth182@example.com,4,Applied
balhaar.bala183@example.com,2,Applied
guneet.cherian184@example.com,4,Applied
parth.mani185@example.com,1,Applied
raksha.raju186@example.com,1,Applied
shivansh.kara187@example.com,3,Applied
vrinda.kapoor188@example.com,1,Applied
pavani.tak189@example.com,2,Applied
zarna.rege190@example.com,5,Applied
anjali.prasad191@example.com,2,Applied
advay.bath192@example.com,2,Applied
ojasvi.bumb193@example.com,3,Applied
nitara.misra194@example.com,3,Applied
onveer.ray195@example.com,5,Applied
logan.johal196@example.com,3,Applied
mitali.handa197@example.com,3,Applied
benjamin.konda198@example.com,4,Applied
bakhshi.lad199@example.com,3,Applied
jagat.vyas200@example.com,1,Applied
vedhika.singh201@example.com,2,Applied
dakshesh.deshmukh202@example.com,5,Applied
gaurika.borde203@example.com,3,Applied
balhaar.kohli204@example.com,2,Applied
jyoti.kapadia205@example.com,5,Applied
ronith.sen206@example.com,5,Applied
wahab.shroff207@example.com,2,Applied
kala.shenoy208@example.com,1,Applied
jalsa.chatterjee209@example.com,2,Applied
jasmit.roy210@example.com,2,Applied
aahana.misra211@example.com,5,Applied
priya.vala212@example.com,2,Applied
suhani.goswami213@example.com,2,Applied
faras.pal214@example.com,3,Applied
jonathan.balay215@example.com,1,Applied
chatura.nagar216@example.com,2,Applied
zarna.contractor217@example.com,5,Applied
damyanti.keer218@example.com,4,Applied
irya.walia219@example.com,5,Applied
patrick.subramaniam220@example.com,5,Applied
vrinda.vaidya221@example.com,5,Applied
elijah.handa222@example.com,2,Applied
benjamin.pandit223@example.com,3,Applied
balvan.kannan224@example.com,5,Applied
kevin.bhandari225@example.com,5,Applied
dhriti.nayar226@example.com,5,Applied
arunima.bajwa227@example.com,3,Applied
omaja.tella228@example.com,2,Applied
charita.gara229@example.com,5,Applied
upma.kumar230@example.com,5,Applied
ojasvi.aggarwal231@example.com,4,Applied
dalbir.ram232@example.com,5,Applied
raagini.mitra233@example.com,2,Applied
inaya.bumb234@example.com,4,Applied
pratyush.batra235@example.com,4,Applied
chasmum.sengupta236@example.com,1,Applied
janani.chatterjee237@example.com,5,Applied
pavani.lata238@example.com,4,Applied
omkaar.bawa239@example.com,5,Applied
deepa.palla240@example.com,5,Applied
tamanna.walia241@example.com,2,Applied
rachita.mangal242@example.com,3,Applied
urvi.bath243@example.com,2,Applied
charvi.mand244@example.com,4,Applied
omya.chaudhry245@example.com,2,Applied
caleb.loyal246@example.com,2,Applied
samesh.kala247@example.com,1,Applied
krish.bains248@example.com,3,Applied
ijaya.gala249@example.com,2,Applied
rishi.radhakrishnan250@example.com,2,Applied
pooja.natt251@example.com,1,Applied
vanya.ranganathan252@example.com,1,Applied
zinal.hayer253@example.com,3,Applied
om.salvi254@example.com,5,Applied
luke.chakrabarti255@example.com,3,Applied
chatresh.nigam256@example.com,5,Applied
vincent.chada257@example.com,4,Applied
ekiya.singhal258@example.com,4,Applied
timothy.sibal259@example.com,3,Applied
kashish.ghosh260@example.com,5,Applied
alexander.rastogi261@example.com,4,Applied
adweta.choudhry262@example.com,5,Applied
devika.chana263@example.com,2,Applied
harsh.shanker264@example.com,5,Applied
alka.date265@example.com,5,Applied
samesh.natt266@example.com,4,Applied
yashoda.nagi267@example.com,1,Applied
michael.keer268@example.com,2,Applied
jeremiah.batta269@example.com,4,Applied
yashoda.dugar270@example.com,5,Applied
william.rastogi271@example.com,5,Applied
yamini.grover272@example.com,1,Applied
barkha.kohli273@example.com,2,Applied
ekbal.pradhan274@example.com,1,Applied
upma.borah275@example.com,4,Applied
banjeet.kara276@example.com,1,Applied
deepa.dhillon277@example.com,5,Applied
sai.mall278@example.com,1,Applied
shivani.lata279@example.com,2,Applied
madhav.master280@example.com,5,Applied
jagvi.gole281@example.com,5,Applied
vihaan.subramanian282@example.com,3,Applied
vincent.comar283@example.com,1,Applied
suhani.vyas284@example.com,5,Applied
vritti.raja285@example.com,1,Applied
ekta.badami286@example.com,3,Applied
samar.sha287@example.com,5,Applied
varsha.ben288@example.com,2,Applied
jack.barman289@example.com,2,Applied
bimala.om290@example.com,1,Applied
yashawini.ben291@example.com,3,Applied
saumya.dar292@example.com,5,Applied
harsh.keer293@example.com,1,Applied
krishna.sur294@example.com,5,Applied
mohini.ratti295@example.com,1,Applied
hema.karan296@example.com,2,Applied
rachita.saha297@example.com,3,Applied
peter.raja298@example.com,3,Applied
devansh.kade299@example.com,3,Applied
rajeshri.gopal300@example.com,3,Applied
nikita.seth301@example.com,3,Applied
reyansh.narang302@example.com,3,Applied
advay.peri303@example.com,5,Applied
gauri.luthra304@example.com,3,Applied
pratyush.d’alia305@example.com,2,Applied
pooja.pillay306@example.com,5,Applied
kamya.sawhney307@example.com,1,Applied
indali.talwar308@example.com,3,Applied
oeshi.modi309@example.com,1,Applied
gautam.rastogi310@example.com,3,Applied
abhimanyu.subramaniam311@example.com,2,Applied
vamakshi.mand312@example.com,3,Applied
vamakshi.toor313@example.com,2,Applied
praneel.deshpande314@example.com,5,Applied
raksha.mahal315@example.com,3,Applied
mekhala.bala316@example.com,1,Applied
ekalinga.bir317@example.com,4,Applied
jacob.madan318@example.com,2,Applied
isha.suri319@example.com,2,Applied
jagat.muni320@example.com,4,Applied
ranveer.bakshi321@example.com,2,Applied
ridhi.bora322@example.com,2,Applied
jagdish.lalla323@example.com,5,Applied
hredhaan.dhar324@example.com,2,Applied
gaurika.aggarwal325@example.com,2,Applied
jagvi.nigam326@example.com,3,Applied
sneha.kunda327@example.com,3,Applied
zehaan.dutta328@example.com,1,Applied
girish.murty329@example.com,2,Applied
rajata.pau330@example.com,2,Applied
saksham.deol331@example.com,1,Applied
logan.keer332@example.com,5,Applied
harshil.chadha333@example.com,1,Applied
mugdha.tank334@example.com,2,Applied
vasana.bail335@example.com,5,Applied
chaitanya.pandey336@example.com,3,Applied
sneha.chada337@example.com,5,Applied
suhani.pai338@example.com,2,Applied
bhanumati.din339@example.com,3,Applied
joshua.bhat340@example.com,5,Applied
zayyan.narula341@example.com,2,Applied
chameli.warrior342@example.com,4,Applied
aarav.bose343@example.com,2,Applied
bhavya.kuruvilla344@example.com,3,Applied
ishani.sahota345@example.com,3,Applied
bhanumati.halder346@example.com,2,Applied
gauri.gupta347@example.com,1,Applied
lucky.nigam348@example.com,4,Applied
tanmayi.sandhu349@example.com,1,Applied
dayamai.arya350@example.com,2,Applied
keya.jha351@example.com,5,Applied
vincent.sundaram352@example.com,5,Applied
alexander.gola353@example.com,2,Applied
shaurya.verma354@example.com,2,Applied
vansha.sami355@example.com,4,Applied
siddharth.nair356@example.com,1,Applied
bhavna.mohanty357@example.com,2,Applied
bhavini.acharya358@example.com,3,Applied
harinakshi.das359@example.com,4,Applied
anvi.raju360@example.com,5,Applied
garima.mand361@example.com,1,Applied
sachi.kalla362@example.com,3,Applied
tanay.bhargava363@example.com,5,Applied
aadi.kunda364@example.com,1,Applied
jonathan.nadig365@example.com,3,Applied
jonathan.manne366@example.com,2,Applied
anmol.date367@example.com,3,Applied
yug.deo368@example.com,4,Applied
adya.anand369@example.com,3,Applied
vritti.krishnan370@example.com,4,Applied
gaurav.bava371@example.com,5,Applied
rajata.chakraborty372@example.com,4,Applied
nirja.bakshi373@example.com,3,Applied
orinder.chana374@example.com,1,Applied
anirudh.kanda375@example.com,2,Applied
ishita.prasad376@example.com,2,Applied
hemang.varty377@example.com,2,Applied
aarini.hayre378@example.com,2,Applied
eiravati.doctor379@example.com,3,Applied
charita.bhagat380@example.com,1,Applied
vrinda.sabharwal381@example.com,4,Applied
libni.rai382@example.com,5,Applied
meera.bhatnagar383@example.com,4,Applied
chakradhar.sheth384@example.com,4,Applied
hemani.bhatnagar385@example.com,3,Applied
nimrat.mutti386@example.com,3,Applied
osha.lalla387@example.com,2,Applied
amara.keer388@example.com,4,Applied
falak.hegde389@example.com,2,Applied
chakradev.sarma390@example.com,3,Applied
isaac.biswas391@example.com,1,Applied
nilima.luthra392@example.com,2,Applied
nidhi.dora393@example.com,1,Applied
qasim.shankar394@example.com,3,Applied
yamini.soman395@example.com,5,Applied
utkarsh.goel396@example.com,3,Applied
ekaraj.deo397@example.com,5,Applied
vyanjana.goyal398@example.com,3,Applied
kritika.dubey399@example.com,4,Applied
kashish.lata400@example.com,2,Applied
ayushman.majumdar401@example.com,5,Applied
jairaj.bhatti402@example.com,3,Applied
qushi.chhabra403@example.com,3,Applied
avi.sahni404@example.com,2,Applied
yuvraj.sabharwal405@example.com,1,Applied
om.anne406@example.com,5,Applied
warjas.ranganathan407@example.com,3,Applied
maya.contractor408@example.com,2,Applied
eesha.ben409@example.com,5,Applied
varsha.golla410@example.com,3,Applied
yashoda.kota411@example.com,3,Applied
advay.tank412@example.com,5,Applied
meghana.batra413@example.com,3,Applied
mahika.krish414@example.com,3,Applied
onveer.varty415@example.com,3,Applied
ganga.patla416@example.com,4,Applied
harrison.din417@example.com,3,Applied
yahvi.dyal418@example.com,1,Applied
manbir.chana419@example.com,2,Applied
vivaan.mitter420@example.com,5,Applied
max.more421@example.com,3,Applied
yahvi.raju422@example.com,2,Applied
keya.dave423@example.com,5,Applied
nidra.prakash424@example.com,2,Applied
meera.natarajan425@example.com,4,Applied
chanakya.sodhi426@example.com,2,Applied
falak.upadhyay427@example.com,3,Applied
arya.saini428@example.com,1,Applied
dalbir.viswanathan429@example.com,1,Applied
rudra.pandya430@example.com,3,Applied
vedhika.pant431@example.com,2,Applied
nidhi.krishna432@example.com,5,Applied
darika.malhotra433@example.com,5,Applied
kiaan.venkatesh434@example.com,3,Applied
avi.palan435@example.com,4,Applied
vaishnavi.deshpande436@example.com,2,Applied
jagdish.shan437@example.com,3,Applied
dakshesh.dhingra438@example.com,1,Applied
aadhya.thakur439@example.com,2,Applied
anvi.shukla440@example.com,4,Applied
hema.prashad441@example.com,4,Applied
chasmum.lanka442@example.com,1,Applied
samarth.sethi443@example.com,1,Applied
lakshmi.banik444@example.com,1,Applied
harini.prabhakar445@example.com,4,Applied
yamini.manne446@example.com,3,Applied
ansh.behl447@example.com,4,Applied
liam.gupta448@example.com,3,Applied
leela.mohan449@example.com,3,Applied
pahal.andra450@example.com,5,Applied
darsh.aggarwal451@example.com,2,Applied
siya.gaba452@example.com,3,Applied
shivansh.sathe453@example.com,2,Applied
daksha.sane454@example.com,2,Applied
upasna.minhas455@example.com,3,Applied
sanya.mutti456@example.com,5,Applied
rudra.deol457@example.com,3,Applied
osha.soni458@example.com,5,Applied
manthan.dasgupta459@example.com,4,Applied
dalaja.ahuja460@example.com,2,Applied
inaya.vora461@example.com,3,Applied
jagdish.radhakrishnan462@example.com,5,Applied
anya.kashyap463@example.com,2,Applied
anvi.bajaj464@example.com,3,Applied
vedika.trivedi465@example.com,5,Applied
harrison.mandal466@example.com,3,Applied
matthew.raman467@example.com,4,Applied
urvashi.kibe468@example.com,4,Applied
jhalak.sankaran469@example.com,2,Applied
gagan.babu470@example.com,5,Applied
qadim.banerjee471@example.com,5,Applied
jackson.narayanan472@example.com,3,Applied
aradhana.dhar473@example.com,1,Applied
qadim.bath474@example.com,2,Applied
chandani.hayer475@example.com,5,Applied
aadhya.gopal476@example.com,3,Applied
dipta.mander477@example.com,1,Applied
ekapad.radhakrishnan478@example.com,1,Applied
arunima.sankar479@example.com,3,Applied
yutika.sandhu480@example.com,2,Applied
ekapad.ramachandran481@example.com,4,Applied
abha.talwar482@example.com,4,Applied
warda.mohanty483@example.com,3,Applied
ikshita.bir484@example.com,4,Applied
fitan.palla485@example.com,2,Applied
mugdha.ramachandran486@example.com,3,Applied
arya.sunder487@example.com,4,Applied
abha.grover488@example.com,4,Applied
noah.agate489@example.com,5,Applied
kamya.gour490@example.com,2,Applied
vivaan.shanker491@example.com,4,Applied
vritti.de492@example.com,5,Applied
mohini.bal493@example.com,3,Applied
akshay.pandey494@example.com,4,Applied
amrita.anne495@example.com,5,Applied
aradhana.more496@example.com,5,Applied
sanya.ram497@example.com,5,Applied
hemang.goyal498@example.com,1,Applied
fariq.nayak499@example.com,3,Applied
