id,student_id,skill_id,proficiency
1,1,7,3
2,1,23,1
3,1,19,1
4,1,16,3
5,2,19,5
6,2,22,2
7,2,2,4
8,2,6,1
9,2,11,3
10,2,1,2
11,2,7,5
12,3,19,3
13,3,13,4
14,3,22,2
15,3,18,1
16,4,24,3
17,4,12,5
18,4,2,5
19,4,4,5
20,4,14,4
21,4,8,3
22,4,3,1
23,5,9,2
24,5,15,5
25,5,16,4
26,5,8,1
27,5,12,5
28,5,18,3
29,5,13,2
30,5,14,1
31,6,9,2
32,6,5,4
33,6,13,3
34,7,4,3
35,7,3,3
36,7,1,1
37,7,10,2
38,7,15,1
39,8,14,4
40,8,15,1
41,8,18,1
42,8,17,1
43,9,18,1
44,9,3,3
45,9,20,4
46,9,11,4
47,9,13,1
48,10,18,3
49,10,8,3
50,10,19,3
51,10,17,4
52,10,6,2
53,10,13,1
54,10,20,2
55,10,5,4
56,11,14,3
57,11,10,2
58,11,16,4
59,11,3,5
60,11,12,5
61,12,15,1
62,12,4,4
63,12,5,3
64,12,10,5
65,13,11,3
66,13,15,3
67,13,24,5
68,13,14,2
69,13,20,4
70,13,5,3
71,14,13,4
72,14,11,5
73,14,10,2
74,14,24,3
75,15,9,5
76,15,13,5
77,15,12,2
78,15,4,5
79,15,19,1
80,15,7,4
81,16,7,2
82,16,15,3
83,16,10,2
84,16,3,4
85,16,14,4
86,16,16,1
87,16,5,4
88,16,22,5
89,17,19,1
90,17,13,3
91,17,18,5
92,17,17,5
93,17,14,1
94,17,22,1
95,18,22,5
96,18,12,1
97,18,6,5
98,18,21,4
99,19,14,5
100,19,4,5
101,19,1,5
102,19,9,5
103,19,8,5
104,20,15,5
105,20,12,5
106,20,13,2
107,20,22,3
108,21,16,4
109,21,4,1
110,21,10,1
111,22,5,3
112,22,12,4
113,22,10,1
114,22,11,4
115,22,15,4
116,22,7,3
117,22,17,1
118,22,16,3
119,23,23,3
120,23,4,1
121,23,1,2
122,24,8,4
123,24,17,2
124,24,6,4
125,24,18,2
126,24,22,2
127,24,11,4
128,24,21,4
129,24,14,1
130,25,20,2
131,25,7,3
132,25,15,1
133,25,19,5
134,25,14,1
135,25,13,5
136,25,1,2
137,25,23,3
138,26,7,4
139,26,15,5
140,26,4,3
141,26,9,5
142,26,22,4
143,27,13,3
144,27,19,5
145,27,4,5
146,27,12,1
147,27,21,2
148,27,15,3
149,27,6,1
150,28,10,2
151,28,4,5
152,28,6,4
153,28,12,4
154,29,5,2
155,29,19,5
156,29,13,2
157,29,14,4
158,29,6,3
159,29,16,2
160,29,18,2
161,30,15,4
162,30,20,2
163,30,2,2
164,30,12,4
165,30,1,5
166,31,21,2
167,31,16,1
168,31,14,5
169,31,23,1
170,31,22,2
171,31,15,3
172,31,24,1
173,32,8,5
174,32,18,4
175,32,10,5
176,32,6,5
177,32,15,1
178,33,4,5
179,33,9,2
180,33,18,4
181,33,12,1
182,33,22,2
183,33,2,3
184,33,15,1
185,34,9,2
186,34,12,5
187,34,3,3
188,34,15,5
189,34,4,4
190,34,8,2
191,35,5,3
192,35,7,5
193,35,23,5
194,35,2,2
195,35,19,3
196,35,12,3
197,35,18,3
198,36,9,3
199,36,17,2
200,36,22,2
201,36,4,2
202,36,5,2
203,36,14,3
204,36,2,2
205,37,13,1
206,37,16,1
207,37,5,4
208,37,19,5
209,37,9,3
210,37,14,3
211,37,24,4
212,37,15,4
213,38,19,3
214,38,1,1
215,38,24,5
216,38,3,4
217,38,15,2
218,39,7,5
219,39,16,5
220,39,9,2
221,39,11,5
222,39,10,4
223,39,21,3
224,40,2,4
225,40,24,4
226,40,4,1
227,40,21,4
228,40,15,2
229,40,1,2
230,40,22,3
231,40,6,2
232,41,3,2
233,41,21,1
234,41,12,4
235,41,9,3
236,41,22,2
237,42,21,1
238,42,3,2
239,42,4,5
240,42,1,2
241,42,7,5
242,42,16,4
243,43,1,1
244,43,23,4
245,43,11,2
246,44,3,3
247,44,8,3
248,44,13,3
249,44,24,2
250,44,4,4
251,44,20,2
252,45,22,3
253,45,5,2
254,45,3,2
255,45,17,4
256,45,19,5
257,45,1,4
258,45,6,2
259,45,15,1
260,46,5,4
261,46,4,3
262,46,19,4
263,47,5,2
264,47,8,5
265,47,9,5
266,47,21,5
267,47,3,5
268,48,23,5
269,48,1,5
270,48,22,5
271,48,10,2
272,48,7,4
273,49,21,1
274,49,2,2
275,49,8,4
276,49,16,5
277,49,13,1
278,50,1,3
279,50,12,5
280,50,11,2
281,50,5,4
282,50,13,1
283,50,19,1
284,50,14,5
285,51,1,1
286,51,9,1
287,51,7,4
288,52,10,5
289,52,21,5
290,52,17,5
291,52,14,2
292,52,23,3
293,52,13,1
294,52,3,3
295,53,17,5
296,53,7,3
297,53,5,4
298,54,21,2
299,54,24,1
300,54,22,2
301,54,23,1
302,54,3,4
303,54,10,1
304,54,14,4
305,55,20,1
306,55,2,2
307,55,10,4
308,55,6,3
309,55,4,5
310,55,1,5
311,55,5,3
312,56,12,1
313,56,5,1
314,56,24,3
315,56,9,4
316,57,17,1
317,57,3,4
318,57,9,4
319,57,23,5
320,57,19,3
321,58,16,3
322,58,19,2
323,58,6,3
324,59,19,1
325,59,22,2
326,59,24,5
327,60,2,1
328,60,1,4
329,60,8,3
330,61,5,3
331,61,6,2
332,61,2,4
333,61,18,3
334,61,14,3
335,61,8,1
336,62,12,1
337,62,4,4
338,62,17,1
339,62,2,4
340,62,6,3
341,62,8,3
342,62,22,3
343,63,18,3
344,63,15,2
345,63,1,3
346,64,10,2
347,64,20,5
348,64,8,2
349,64,15,2
350,64,12,1
351,64,19,4
352,64,16,1
353,65,18,1
354,65,12,3
355,65,21,1
356,65,23,4
357,66,24,1
358,66,10,2
359,66,4,3
360,66,7,1
361,66,17,1
362,66,8,2
363,66,14,5
364,66,16,4
365,67,12,1
366,67,15,5
367,67,3,5
368,67,19,1
369,67,4,4
370,67,17,2
371,67,5,2
372,67,13,3
373,68,11,3
374,68,13,2
375,68,23,1
376,68,24,2
377,68,15,2
378,69,4,4
379,69,5,1
380,69,24,5
381,69,6,3
382,69,15,2
383,69,20,4
384,69,11,3
385,70,9,2
386,70,4,3
387,70,3,2
388,70,6,1
389,70,10,2
390,70,2,3
391,71,17,1
392,71,2,4
393,71,22,4
394,71,10,5
395,71,9,5
396,71,6,2
397,72,15,1
398,72,4,1
399,72,5,1
400,73,5,1
401,73,7,5
402,73,13,5
403,73,12,3
404,74,1,4
405,74,3,2
406,74,7,1
407,75,4,4
408,75,2,4
409,75,15,4
410,75,6,1
411,75,19,4
412,76,14,2
413,76,6,1
414,76,12,5
415,76,7,5
416,76,23,5
417,76,9,2
418,76,19,3
419,76,15,4
420,77,18,2
421,77,16,4
422,77,2,2
423,77,3,5
424,77,9,2
425,77,13,5
426,78,13,4
427,78,23,5
428,78,12,4
429,79,19,2
430,79,17,1
431,79,11,3
432,79,13,5
433,79,9,2
434,80,9,5
435,80,2,3
436,80,16,5
437,81,6,2
438,81,4,3
439,81,8,5
440,81,22,1
441,82,19,2
442,82,13,2
443,82,12,5
444,82,6,3
445,83,23,4
446,83,12,5
447,83,19,3
448,83,1,2
449,83,24,4
450,83,22,1
451,83,5,1
452,83,7,1
453,84,20,4
454,84,8,1
455,84,1,3
456,84,17,5
457,85,5,3
458,85,11,1
459,85,23,1
460,85,6,2
461,86,23,4
462,86,5,5
463,86,4,1
464,86,17,3
465,86,12,3
466,86,3,3
467,86,20,2
468,87,24,3
469,87,14,2
470,87,21,5
471,87,16,5
472,88,8,3
473,88,22,3
474,88,19,2
475,88,6,2
476,88,13,1
477,89,19,4
478,89,13,2
479,89,24,3
480,89,2,1
481,89,6,2
482,89,11,3
483,89,8,3
484,89,4,2
485,90,3,2
486,90,23,2
487,90,22,1
488,90,21,3
489,90,11,3
490,90,15,1
491,90,1,1
492,90,9,1
493,91,15,3
494,91,14,5
495,91,6,4
496,91,23,1
497,91,16,4
498,91,13,5
499,92,22,3
500,92,8,3
501,92,6,1
502,92,15,1
503,92,3,3
504,92,2,2
505,92,10,4
506,92,1,2
507,93,3,2
508,93,18,5
509,93,24,4
510,93,11,2
511,93,20,1
512,93,16,1
513,93,1,3
514,93,14,2
515,94,14,5
516,94,23,3
517,94,18,3
518,94,24,3
519,95,4,5
520,95,2,4
521,95,13,2
522,95,19,1
523,96,1,5
524,96,14,4
525,96,3,2
526,96,10,1
527,96,22,1
528,97,6,4
529,97,21,1
530,97,10,3
531,97,3,4
532,98,16,2
533,98,22,3
534,98,9,4
535,98,3,3
536,98,18,2
537,98,13,4
538,99,9,3
539,99,15,5
540,99,8,1
541,100,23,3
542,100,22,5
543,100,4,4
544,100,3,5
545,101,18,4
546,101,2,5
547,101,13,4
548,101,17,5
549,102,16,1
550,102,10,5
551,102,3,5
552,102,13,5
553,103,22,2
554,103,20,2
555,103,5,2
556,103,4,1
557,103,15,4
558,103,6,1
559,103,19,4
560,104,21,3
561,104,5,1
562,104,20,1
563,104,9,4
564,105,13,5
565,105,18,5
566,105,11,5
567,105,9,4
568,105,17,1
569,105,15,4
570,105,1,2
571,106,19,3
572,106,4,4
573,106,10,3
574,106,18,4
575,107,16,2
576,107,19,5
577,107,20,5
578,107,24,4
579,107,2,1
580,107,6,4
581,107,9,3
582,107,13,2
583,108,24,3
584,108,16,1
585,108,9,3
586,109,10,1
587,109,9,2
588,109,16,2
589,109,23,3
590,109,22,4
591,110,9,1
592,110,24,2
593,110,14,4
594,110,20,2
595,110,21,4
596,111,16,5
597,111,17,4
598,111,12,2
599,111,2,5
600,111,23,5
601,111,6,1
602,111,3,2
603,111,10,2
604,112,2,2
605,112,8,3
606,112,15,3
607,112,12,4
608,113,13,5
609,113,21,4
610,113,4,2
611,113,1,4
612,113,8,5
613,113,12,5
614,113,16,3
615,114,6,3
616,114,9,1
617,114,24,4
618,114,23,1
619,114,3,2
620,115,7,5
621,115,8,1
622,115,21,1
623,115,23,4
624,115,24,2
625,115,9,2
626,115,14,5
627,116,8,3
628,116,9,3
629,116,20,4
630,117,12,5
631,117,15,5
632,117,9,4
633,117,7,5
634,117,23,1
635,117,10,1
636,118,22,1
637,118,12,4
638,118,18,1
639,118,21,3
640,118,20,3
641,118,10,3
642,118,19,3
643,119,21,5
644,119,23,2
645,119,10,1
646,119,7,5
647,119,5,4
648,120,11,4
649,120,22,4
650,120,5,1
651,120,1,5
652,120,16,5
653,120,10,2
654,120,9,3
655,120,14,2
656,121,18,3
657,121,21,1
658,121,16,4
659,121,12,2
660,121,17,3
661,121,10,5
662,121,6,2
663,121,24,3
664,122,3,3
665,122,8,5
666,122,12,3
667,122,23,4
668,122,10,1
669,122,14,4
670,122,11,1
671,122,22,5
672,123,20,5
673,123,3,3
674,123,16,4
675,123,7,1
676,123,17,2
677,123,4,2
678,123,13,2
679,124,14,2
680,124,19,1
681,124,15,4
682,124,5,3
683,124,11,2
684,125,21,2
685,125,2,2
686,125,1,5
687,125,15,2
688,125,9,4
689,126,5,4
690,126,20,4
691,126,14,4
692,127,13,1
693,127,1,3
694,127,2,5
695,127,18,2
696,127,7,1
697,127,12,1
698,128,24,5
699,128,8,5
700,128,23,3
701,128,12,2
702,128,10,1
703,128,5,1
704,128,4,3
705,128,13,3
706,129,24,2
707,129,17,3
708,129,20,4
709,129,23,3
710,129,11,2
711,129,14,2
712,130,1,5
713,130,8,5
714,130,23,2
715,130,5,1
716,130,7,3
717,130,24,1
718,131,21,1
719,131,9,1
720,131,18,1
721,131,20,1
722,131,2,4
723,131,24,4
724,132,4,1
725,132,18,3
726,132,9,4
727,132,16,1
728,132,5,5
729,132,7,3
730,133,20,3
731,133,23,1
732,133,5,1
733,133,14,4
734,133,4,2
735,133,17,5
736,133,24,2
737,134,17,3
738,134,7,2
739,134,12,1
740,134,23,5
741,134,14,4
742,135,23,1
743,135,16,1
744,135,11,1
745,135,8,1
746,136,22,3
747,136,16,2
748,136,5,4
749,136,3,3
750,136,17,3
751,136,21,4
752,136,4,1
753,137,6,3
754,137,2,3
755,137,10,4
756,138,4,4
757,138,24,5
758,138,2,3
759,138,1,1
760,138,5,3
761,138,6,3
762,138,11,2
763,138,12,1
764,139,13,2
765,139,15,1
766,139,9,2
767,139,24,1
768,139,16,2
769,139,14,1
770,140,19,3
771,140,16,5
772,140,24,1
773,140,15,2
774,140,6,4
775,140,13,4
776,141,14,1
777,141,15,3
778,141,2,3
779,142,23,5
780,142,22,5
781,142,17,2
782,143,11,3
783,143,17,4
784,143,23,2
785,143,20,5
786,143,4,5
787,143,14,1
788,143,8,1
789,143,16,2
790,144,16,3
791,144,24,3
792,144,6,1
793,144,3,5
794,144,23,2
795,144,11,5
796,144,8,4
797,145,8,1
798,145,3,4
799,145,15,4
800,145,22,3
801,145,19,1
802,145,21,4
803,146,21,1
804,146,1,5
805,146,4,5
806,146,13,3
807,146,14,5
808,146,2,5
809,146,18,2
810,146,23,4
811,147,12,5
812,147,2,5
813,147,8,5
814,147,15,4
815,147,11,3
816,148,15,5
817,148,4,5
818,148,23,3
819,148,8,1
820,148,1,1
821,148,11,2
822,148,12,4
823,148,10,2
824,149,24,4
825,149,14,2
826,149,4,4
827,149,9,2
828,149,20,3
829,149,7,1
830,149,19,4
831,149,22,1
832,150,22,4
833,150,19,1
834,150,4,5
835,150,15,1
836,150,21,5
837,150,23,4
838,150,17,5
839,150,5,4
840,151,6,5
841,151,23,5
842,151,19,3
843,151,24,5
844,151,5,4
845,151,4,4
846,151,13,5
847,152,8,4
848,152,9,5
849,152,13,5
850,152,11,3
851,152,10,5
852,152,15,3
853,152,5,5
854,152,18,2
855,153,7,3
856,153,20,2
857,153,23,2
858,153,10,5
859,154,23,5
860,154,21,5
861,154,11,4
862,154,4,5
863,154,12,3
864,154,18,4
865,154,16,1
866,155,4,3
867,155,1,2
868,155,13,3
869,155,5,3
870,155,2,2
871,155,20,1
872,155,7,3
873,156,18,1
874,156,2,5
875,156,12,5
876,156,15,2
877,157,21,4
878,157,18,4
879,157,13,3
880,157,8,5
881,157,17,1
882,157,10,1
883,157,2,3
884,157,22,2
885,158,15,5
886,158,8,2
887,158,21,2
888,158,22,3
889,158,12,4
890,158,19,2
891,158,18,1
892,159,6,4
893,159,24,1
894,159,17,4
895,159,4,3
896,160,9,4
897,160,5,2
898,160,6,1
899,160,19,2
900,160,24,3
901,160,1,5
902,160,11,1
903,161,20,3
904,161,22,5
905,161,10,2
906,161,16,2
907,161,19,5
908,161,18,1
909,161,12,5
910,161,3,2
911,162,18,2
912,162,24,3
913,162,13,3
914,162,3,3
915,162,12,3
916,162,8,2
917,163,17,4
918,163,16,2
919,163,18,5
920,163,21,5
921,163,1,2
922,163,4,1
923,163,12,3
924,164,4,5
925,164,13,3
926,164,9,5
927,164,18,5
928,164,10,4
929,164,1,4
930,165,10,3
931,165,21,5
932,165,7,1
933,166,6,1
934,166,18,2
935,166,1,2
936,167,14,4
937,167,4,3
938,167,7,1
939,167,18,1
940,167,24,1
941,167,3,1
942,167,5,2
943,167,1,3
944,168,3,4
945,168,19,4
946,168,8,3
947,168,9,1
948,168,14,4
949,168,13,1
950,168,15,5
951,169,21,1
952,169,24,5
953,169,20,1
954,170,3,4
955,170,12,4
956,170,17,4
957,170,4,1
958,170,10,4
959,170,20,2
960,170,24,5
961,170,19,2
962,171,24,2
963,171,13,3
964,171,18,3
965,171,10,1
966,172,18,5
967,172,5,5
968,172,4,1
969,172,2,3
970,172,1,2
971,172,19,3
972,172,13,2
973,173,21,5
974,173,17,3
975,173,5,2
976,173,6,1
977,173,24,2
978,173,8,5
979,174,18,5
980,174,15,1
981,174,21,3
982,175,3,2
983,175,9,2
984,175,4,1
985,175,7,3
986,175,19,5
987,175,16,1
988,175,11,2
989,175,12,3
990,176,15,5
991,176,11,5
992,176,20,3
993,176,10,3
994,176,19,4
995,176,5,2
996,177,11,4
997,177,8,3
998,177,23,3
999,178,22,4
1000,178,24,4
1001,178,11,3
1002,178,16,3
1003,179,18,3
1004,179,4,2
1005,179,6,5
1006,179,21,2
1007,179,20,3
1008,179,3,1
1009,180,3,1
1010,180,1,5
1011,180,17,3
1012,180,21,5
1013,180,23,5
1014,180,19,4
1015,180,13,2
1016,180,7,3
1017,181,8,5
1018,181,19,1
1019,181,10,4
1020,181,5,3
1021,181,15,5
1022,181,17,1
1023,182,8,2
1024,182,20,5
1025,182,22,5
1026,182,6,2
1027,182,17,4
1028,182,5,3
1029,182,15,1
1030,182,21,2
1031,183,8,2
1032,183,3,5
1033,183,9,3
1034,183,12,4
1035,183,24,4
1036,183,2,4
1037,184,2,1
1038,184,21,5
1039,184,11,3
1040,185,9,5
1041,185,19,1
1042,185,18,5
1043,185,23,3
1044,185,6,4
1045,185,13,2
1046,185,21,5
1047,185,12,4
1048,186,12,2
1049,186,16,4
1050,186,20,2
1051,186,1,2
1052,186,17,1
1053,187,21,5
1054,187,9,1
1055,187,7,2
1056,187,5,4
1057,187,6,3
1058,187,20,1
1059,187,12,4
1060,188,16,1
1061,188,24,2
1062,188,7,5
1063,188,19,5
1064,188,6,2
1065,188,14,2
1066,188,1,5
1067,188,8,1
1068,189,5,5
1069,189,2,5
1070,189,6,1
1071,189,9,3
1072,189,22,1
1073,189,17,2
1074,189,13,4
1075,190,16,5
1076,190,24,5
1077,190,6,3
1078,190,8,2
1079,190,14,3
1080,190,5,4
1081,190,22,5
1082,191,3,2
1083,191,8,5
1084,191,13,5
1085,191,22,4
1086,191,5,2
1087,191,4,5
1088,191,1,1
1089,192,16,5
1090,192,20,1
1091,192,2,1
1092,192,18,4
1093,193,5,1
1094,193,20,5
1095,193,18,4
1096,193,1,2
1097,193,14,4
1098,193,17,4
1099,193,23,3
1100,193,12,5
1101,194,23,1
1102,194,19,3
1103,194,4,5
1104,194,14,5
1105,194,5,4
1106,194,9,3
1107,194,16,2
1108,194,8,1
1109,195,24,2
1110,195,1,3
1111,195,19,4
1112,195,17,3
1113,195,4,1
1114,195,21,2
1115,195,23,4
1116,195,13,5
1117,196,9,5
1118,196,18,3
1119,196,14,4
1120,196,19,2
1121,196,12,4
1122,197,18,3
1123,197,16,3
1124,197,6,5
1125,197,12,3
1126,197,24,4
1127,197,20,2
1128,197,23,1
1129,198,8,5
1130,198,15,5
1131,198,6,1
1132,198,4,2
1133,198,7,4
1134,198,17,1
1135,198,13,1
1136,198,11,2
1137,199,20,3
1138,199,14,1
1139,199,3,5
1140,199,22,1
1141,199,9,4
1142,199,8,4
1143,200,21,4
1144,200,17,1
1145,200,10,2
1146,200,20,5
1147,200,2,3
1148,200,6,2
1149,200,16,1
1150,201,17,2
1151,201,24,1
1152,201,8,2
1153,201,20,1
1154,201,6,3
1155,201,2,4
1156,201,12,3
1157,202,13,5
1158,202,24,3
1159,202,19,5
1160,202,7,5
1161,202,17,3
1162,202,1,3
1163,202,3,3
1164,202,18,2
1165,203,7,4
1166,203,15,5
1167,203,13,1
1168,203,19,5
1169,203,1,1
1170,203,9,5
1171,203,6,3
1172,204,4,3
1173,204,17,4
1174,204,9,4
1175,204,18,5
1176,204,19,4
1177,205,11,1
1178,205,15,4
1179,205,22,1
1180,205,19,3
1181,206,13,2
1182,206,21,3
1183,206,8,4
1184,207,17,2
1185,207,18,3
1186,207,1,1
1187,207,23,4
1188,207,9,3
1189,208,18,3
1190,208,6,3
1191,208,16,2
1192,209,9,2
1193,209,6,3
1194,209,22,2
1195,209,7,2
1196,209,16,2
1197,209,21,2
1198,209,8,5
1199,210,5,5
1200,210,4,1
1201,210,3,5
1202,210,22,1
1203,210,16,4
1204,211,20,4
1205,211,11,2
1206,211,16,5
1207,211,19,3
1208,211,9,4
1209,212,19,4
1210,212,5,4
1211,212,2,5
1212,212,17,1
1213,213,12,4
1214,213,13,3
1215,213,22,1
1216,213,6,1
1217,213,15,2
1218,213,4,4
1219,213,17,5
1220,214,11,3
1221,214,12,2
1222,214,20,5
1223,215,8,3
1224,215,9,2
1225,215,16,4
1226,215,20,4
1227,215,11,2
1228,216,23,2
1229,216,12,5
1230,216,24,2
1231,216,13,5
1232,216,9,2
1233,216,15,1
1234,217,9,4
1235,217,8,1
1236,217,18,2
1237,217,14,4
1238,217,13,4
1239,217,7,2
1240,217,5,5
1241,217,22,5
1242,218,11,1
1243,218,16,2
1244,218,10,1
1245,218,9,2
1246,218,18,3
1247,218,19,4
1248,218,2,1
1249,218,13,4
1250,219,11,1
1251,219,9,4
1252,219,12,1
1253,219,22,3
1254,219,18,5
1255,219,20,2
1256,219,23,5
1257,219,21,5
1258,220,21,4
1259,220,18,1
1260,220,6,4
1261,220,10,5
1262,220,12,3
1263,220,11,4
1264,220,17,2
1265,220,16,2
1266,221,11,2
1267,221,14,3
1268,221,21,2
1269,221,20,3
1270,221,19,3
1271,221,13,3
1272,221,3,3
1273,221,18,5
1274,222,13,2
1275,222,9,2
1276,222,15,1
1277,222,12,2
1278,222,19,2
1279,222,17,3
1280,222,22,1
1281,222,14,2
1282,223,13,5
1283,223,4,1
1284,223,3,1
1285,223,16,4
1286,224,3,3
1287,224,4,2
1288,224,9,2
1289,224,20,3
1290,224,5,4
1291,224,24,2
1292,224,13,2
1293,225,6,5
1294,225,1,3
1295,225,2,5
1296,225,12,4
1297,225,11,2
1298,225,16,5
1299,225,15,2
1300,226,20,5
1301,226,15,3
1302,226,21,3
1303,226,22,4
1304,226,19,5
1305,226,14,2
1306,226,17,1
1307,227,10,1
1308,227,12,1
1309,227,14,5
1310,227,9,2
1311,227,5,3
1312,227,24,3
1313,228,18,4
1314,228,1,3
1315,228,16,5
1316,228,22,2
1317,228,10,1
1318,228,23,5
1319,229,7,2
1320,229,14,4
1321,229,18,4
1322,229,13,2
1323,229,8,3
1324,230,14,5
1325,230,21,5
1326,230,8,3
1327,231,21,2
1328,231,24,1
1329,231,18,2
1330,231,9,2
1331,231,14,3
1332,232,21,4
1333,232,15,3
1334,232,20,5
1335,233,7,1
1336,233,11,2
1337,233,1,1
1338,233,5,3
1339,233,2,3
1340,233,18,2
1341,234,15,3
1342,234,1,4
1343,234,8,3
1344,234,3,4
1345,234,5,3
1346,234,23,4
1347,234,16,1
1348,234,7,3
1349,235,5,4
1350,235,2,1
1351,235,9,5
1352,236,6,2
1353,236,7,4
1354,236,9,4
1355,236,13,2
1356,236,1,1
1357,236,4,2
1358,237,24,3
1359,237,4,3
1360,237,17,2
1361,237,7,1
1362,237,16,5
1363,237,13,5
1364,238,9,3
1365,238,16,2
1366,238,21,3
1367,239,22,2
1368,239,7,4
1369,239,4,3
1370,240,6,1
1371,240,9,4
1372,240,19,2
1373,241,2,4
1374,241,19,5
1375,241,23,2
1376,242,3,5
1377,242,8,3
1378,242,6,1
1379,242,16,1
1380,242,22,3
1381,243,5,5
1382,243,23,3
1383,243,18,4
1384,243,4,2
1385,243,24,1
1386,243,16,4
1387,243,8,3
1388,243,11,2
1389,244,2,3
1390,244,16,5
1391,244,23,4
1392,244,15,2
1393,244,18,5
1394,245,18,4
1395,245,12,3
1396,245,11,5
1397,245,24,5
1398,246,3,3
1399,246,17,3
1400,246,5,5
1401,246,15,3
1402,247,1,5
1403,247,21,3
1404,247,17,5
1405,247,13,2
1406,247,6,3
1407,247,24,1
1408,248,18,3
1409,248,13,4
1410,248,7,3
1411,248,17,1
1412,248,16,1
1413,248,24,5
1414,248,5,1
1415,248,10,1
1416,249,6,4
1417,249,2,2
1418,249,7,1
1419,249,4,1
1420,250,21,1
1421,250,13,3
1422,250,22,2
1423,250,16,5
1424,250,17,1
1425,250,19,1
1426,250,9,2
1427,251,16,3
1428,251,3,1
1429,251,15,5
1430,251,21,3
1431,251,2,5
1432,251,12,1
1433,251,18,1
1434,251,14,3
1435,252,7,1
1436,252,17,2
1437,252,4,5
1438,253,7,5
1439,253,24,5
1440,253,17,4
1441,253,8,1
1442,253,19,5
1443,253,6,3
1444,254,15,5
1445,254,23,3
1446,254,22,2
1447,254,14,5
1448,254,4,5
1449,254,6,4
1450,254,19,3
1451,254,13,3
1452,255,11,5
1453,255,12,5
1454,255,14,2
1455,255,21,4
1456,255,22,5
1457,255,24,3
1458,255,8,3
1459,256,15,5
1460,256,13,2
1461,256,1,3
1462,256,2,1
1463,256,10,3
1464,256,22,2
1465,257,11,5
1466,257,1,5
1467,257,23,5
1468,257,9,5
1469,258,5,3
1470,258,4,3
1471,258,2,5
1472,258,15,2
1473,258,12,2
1474,258,24,3
1475,258,19,3
1476,259,19,1
1477,259,13,3
1478,259,7,4
1479,260,16,5
1480,260,23,3
1481,260,19,1
1482,260,4,5
1483,261,3,1
1484,261,2,2
1485,261,11,5
1486,261,12,1
1487,261,14,4
1488,261,20,1
1489,262,17,2
1490,262,2,3
1491,262,11,5
1492,262,18,2
1493,262,19,2
1494,263,22,4
1495,263,24,5
1496,263,13,5
1497,264,3,3
1498,264,8,1
1499,264,14,4
1500,264,10,5
1501,264,13,1
1502,264,5,5
1503,264,19,4
1504,265,3,2
1505,265,13,2
1506,265,17,4
1507,265,14,5
1508,265,23,2
1509,266,13,2
1510,266,21,2
1511,266,19,1
1512,266,7,3
1513,266,18,4
1514,266,17,3
1515,267,19,3
1516,267,3,3
1517,267,4,5
1518,267,14,1
1519,267,21,3
1520,267,12,2
1521,267,24,3
1522,267,7,5
1523,268,20,3
1524,268,5,2
1525,268,15,1
1526,268,2,1
1527,268,8,1
1528,268,7,2
1529,269,5,4
1530,269,10,1
1531,269,1,3
1532,269,11,2
1533,269,4,5
1534,269,23,2
1535,269,15,2
1536,270,17,4
1537,270,9,5
1538,270,18,5
1539,270,16,1
1540,270,20,3
1541,270,5,2
1542,270,1,1
1543,271,7,4
1544,271,23,1
1545,271,20,1
1546,271,9,4
1547,271,2,3
1548,272,22,5
1549,272,12,1
1550,272,4,3
1551,272,1,4
1552,272,10,5
1553,272,13,5
1554,272,8,1
1555,272,19,2
1556,273,17,1
1557,273,15,1
1558,273,18,2
1559,273,23,5
1560,274,11,1
1561,274,16,3
1562,274,13,3
1563,274,24,3
1564,274,6,3
1565,275,17,3
1566,275,9,4
1567,275,2,1
1568,275,21,5
1569,276,8,2
1570,276,5,1
1571,276,11,4
1572,276,13,5
1573,276,22,5
1574,277,22,5
1575,277,8,3
1576,277,14,4
1577,277,23,5
1578,277,19,2
1579,277,5,2
1580,277,24,2
1581,277,10,5
1582,278,22,2
1583,278,7,5
1584,278,5,2
1585,278,10,3
1586,278,17,1
1587,278,24,5
1588,278,14,5
1589,279,4,3
1590,279,6,4
1591,279,11,3
1592,279,5,2
1593,279,1,2
1594,279,22,1
1595,279,14,2
1596,279,18,2
1597,280,20,5
1598,280,9,2
1599,280,19,5
1600,281,8,1
1601,281,22,4
1602,281,1,2
1603,281,12,5
1604,282,16,4
1605,282,23,2
1606,282,21,2
1607,282,12,2
1608,282,6,2
1609,282,13,1
1610,282,24,4
1611,283,9,2
1612,283,14,2
1613,283,8,1
1614,284,15,3
1615,284,20,4
1616,284,16,2
1617,284,23,4
1618,285,2,5
1619,285,20,5
1620,285,13,5
1621,285,11,1
1622,285,22,5
1623,285,19,1
1624,286,15,1
1625,286,2,5
1626,286,8,4
1627,286,17,5
1628,286,18,1
1629,286,13,2
1630,287,15,3
1631,287,13,5
1632,287,10,1
1633,287,6,5
1634,287,14,2
1635,288,21,5
1636,288,15,5
1637,288,3,2
1638,288,17,4
1639,288,4,4
1640,288,6,3
1641,289,1,1
1642,289,6,3
1643,289,15,3
1644,289,19,2
1645,289,7,1
1646,289,22,1
1647,290,23,3
1648,290,15,1
1649,290,21,5
1650,291,13,2
1651,291,17,3
1652,291,20,5
1653,291,6,2
1654,291,24,2
1655,291,18,2
1656,291,22,2
1657,291,2,1
1658,292,10,2
1659,292,24,2
1660,292,15,1
1661,292,23,5
1662,292,6,3
1663,292,4,1
1664,293,16,2
1665,293,24,2
1666,293,18,5
1667,293,1,4
1668,293,20,4
1669,293,23,4
1670,294,3,3
1671,294,20,5
1672,294,23,5
1673,294,1,2
1674,294,8,1
1675,294,18,2
1676,295,2,1
1677,295,21,5
1678,295,12,5
1679,295,5,3
1680,296,3,2
1681,296,2,3
1682,296,4,5
1683,296,14,5
1684,296,6,5
1685,297,6,3
1686,297,15,3
1687,297,19,4
1688,297,12,1
1689,297,2,4
1690,297,3,5
1691,297,10,1
1692,298,16,3
1693,298,5,5
1694,298,4,4
1695,298,23,5
1696,298,9,2
1697,299,7,5
1698,299,20,3
1699,299,2,4
1700,299,4,5
1701,299,19,3
1702,299,17,3
1703,299,3,5
1704,299,16,5
1705,300,12,4
1706,300,5,2
1707,300,20,5
1708,300,19,2
1709,300,16,3
1710,300,17,2
1711,300,22,1
1712,301,1,1
1713,301,15,2
1714,301,21,5
1715,302,14,1
1716,302,2,2
1717,302,11,3
1718,302,12,3
1719,302,18,1
1720,302,7,3
1721,303,17,3
1722,303,18,3
1723,303,11,4
1724,303,1,5
1725,303,4,5
1726,304,6,3
1727,304,7,4
1728,304,11,4
1729,305,21,2
1730,305,5,4
1731,305,16,5
1732,306,15,3
1733,306,14,5
1734,306,24,3
1735,306,2,5
1736,306,17,5
1737,307,7,3
1738,307,19,3
1739,307,22,1
1740,308,9,5
1741,308,1,2
1742,308,11,5
1743,308,13,5
1744,309,6,3
1745,309,20,4
1746,309,4,1
1747,309,10,4
1748,309,11,2
1749,309,2,3
1750,310,10,3
1751,310,7,1
1752,310,17,2
1753,310,24,1
1754,310,6,4
1755,310,4,5
1756,311,16,2
1757,311,17,3
1758,311,5,4
1759,312,17,1
1760,312,10,4
1761,312,11,4
1762,312,5,5
1763,312,4,1
1764,312,24,1
1765,312,21,3
1766,312,7,1
1767,313,20,1
1768,313,3,5
1769,313,11,3
1770,313,15,2
1771,313,2,3
1772,313,4,2
1773,313,17,2
1774,313,10,3
1775,314,18,3
1776,314,11,2
1777,314,15,2
1778,314,22,3
1779,314,4,1
1780,315,20,1
1781,315,18,2
1782,315,17,5
1783,316,18,3
1784,316,11,5
1785,316,9,2
1786,316,5,2
1787,316,23,1
1788,317,20,2
1789,317,11,1
1790,317,18,4
1791,317,15,1
1792,317,2,1
1793,318,2,4
1794,318,3,5
1795,318,14,3
1796,318,13,3
1797,318,6,3
1798,318,19,2
1799,319,22,1
1800,319,18,4
1801,319,3,3
1802,319,15,4
1803,319,19,4
1804,319,5,2
1805,319,24,2
1806,319,21,2
1807,320,9,4
1808,320,12,1
1809,320,13,1
1810,320,6,4
1811,320,11,1
1812,320,20,3
1813,320,15,4
1814,321,6,5
1815,321,10,1
1816,321,12,4
1817,321,20,1
1818,321,19,3
1819,321,5,5
1820,322,3,5
1821,322,10,2
1822,322,18,5
1823,322,15,2
1824,322,13,4
1825,322,19,4
1826,322,14,1
1827,322,8,3
1828,323,23,5
1829,323,19,2
1830,323,14,2
1831,323,11,1
1832,324,23,4
1833,324,19,2
1834,324,16,3
1835,324,4,4
1836,324,24,1
1837,324,15,5
1838,324,11,1
1839,324,21,5
1840,325,11,2
1841,325,16,5
1842,325,21,1
1843,325,2,2
1844,325,3,2
1845,325,7,4
1846,326,10,3
1847,326,13,3
1848,326,20,5
1849,326,19,3
1850,326,15,4
1851,326,7,3
1852,326,21,1
1853,327,1,3
1854,327,20,5
1855,327,17,1
1856,327,13,1
1857,327,5,5
1858,327,10,3
1859,327,2,1
1860,328,1,4
1861,328,8,3
1862,328,14,4
1863,328,23,4
1864,328,19,4
1865,329,18,2
1866,329,7,5
1867,329,22,4
1868,329,6,3
1869,329,16,4
1870,329,5,2
1871,330,22,1
1872,330,5,2
1873,330,1,4
1874,330,3,4
1875,330,21,2
1876,331,5,4
1877,331,21,5
1878,331,14,4
1879,332,6,3
1880,332,15,2
1881,332,17,2
1882,332,14,4
1883,332,18,5
1884,332,23,1
1885,332,13,5
1886,333,24,5
1887,333,8,3
1888,333,17,1
1889,333,9,1
1890,333,14,5
1891,333,18,4
1892,334,12,4
1893,334,4,5
1894,334,19,1
1895,334,16,5
1896,334,3,5
1897,334,5,1
1898,334,17,2
1899,334,9,4
1900,335,24,3
1901,335,22,5
1902,335,23,1
1903,335,3,4
1904,335,18,4
1905,335,19,5
1906,335,10,4
1907,335,2,5
1908,336,11,5
1909,336,14,3
1910,336,12,1
1911,336,10,4
1912,336,21,5
1913,336,6,2
1914,336,2,5
1915,336,20,1
1916,337,10,1
1917,337,20,3
1918,337,1,3
1919,337,24,2
1920,337,16,5
1921,337,3,3
1922,337,5,3
1923,337,17,3
1924,338,24,2
1925,338,4,5
1926,338,20,2
1927,339,15,1
1928,339,12,3
1929,339,6,1
1930,339,9,2
1931,339,8,5
1932,339,16,2
1933,339,22,4
1934,339,17,4
1935,340,8,5
1936,340,22,3
1937,340,15,1
1938,340,21,3
1939,340,6,1
1940,340,7,1
1941,341,15,4
1942,341,13,5
1943,341,16,2
1944,341,10,4
1945,342,23,3
1946,342,13,4
1947,342,16,4
1948,342,9,3
1949,342,5,5
1950,342,17,1
1951,342,14,1
1952,342,1,5
1953,343,12,1
1954,343,14,3
1955,343,20,5
1956,343,21,4
1957,343,9,4
1958,343,11,2
1959,343,22,5
1960,343,18,2
1961,344,11,1
1962,344,22,1
1963,344,6,4
1964,344,24,1
1965,344,18,5
1966,344,1,1
1967,344,19,4
1968,345,8,1
1969,345,24,1
1970,345,10,5
1971,345,9,1
1972,345,7,1
1973,346,22,5
1974,346,7,2
1975,346,20,4
1976,346,21,5
1977,346,4,2
1978,346,24,1
1979,346,3,2
1980,347,10,4
1981,347,15,3
1982,347,22,4
1983,347,3,3
1984,347,21,3
1985,348,3,4
1986,348,9,3
1987,348,2,1
1988,348,13,3
1989,349,6,5
1990,349,15,4
1991,349,3,2
1992,349,16,4
1993,349,7,1
1994,350,18,1
1995,350,14,4
1996,350,7,3
1997,350,20,1
1998,351,3,3
1999,351,19,4
2000,351,24,1
2001,352,5,3
2002,352,21,2
2003,352,23,3
2004,352,1,4
2005,352,2,5
2006,352,13,1
2007,353,23,2
2008,353,16,1
2009,353,24,4
2010,353,14,4
2011,353,13,1
2012,353,3,5
2013,353,18,5
2014,354,11,1
2015,354,22,3
2016,354,10,5
2017,354,13,3
2018,354,2,1
2019,355,10,4
2020,355,21,2
2021,355,7,3
2022,355,6,4
2023,355,18,1
2024,355,2,3
2025,356,3,2
2026,356,21,1
2027,356,15,5
2028,356,7,2
2029,356,5,4
2030,356,2,4
2031,357,18,4
2032,357,21,5
2033,357,10,4
2034,358,2,1
2035,358,11,4
2036,358,24,1
2037,359,21,5
2038,359,22,2
2039,359,17,5
2040,359,15,2
2041,360,2,4
2042,360,24,1
2043,360,5,4
2044,361,2,3
2045,361,8,1
2046,361,21,4
2047,361,5,5
2048,361,1,2
2049,361,6,5
2050,361,24,1
2051,362,4,5
2052,362,16,2
2053,362,20,1
2054,363,14,4
2055,363,11,3
2056,363,24,1
2057,363,22,5
2058,364,5,1
2059,364,11,1
2060,364,7,3
2061,364,2,2
2062,364,19,4
2063,364,6,2
2064,364,23,3
2065,365,6,5
2066,365,15,4
2067,365,8,2
2068,365,19,1
2069,365,2,4
2070,365,5,1
2071,365,4,1
2072,366,6,5
2073,366,3,3
2074,366,23,4
2075,367,16,4
2076,367,23,2
2077,367,5,2
2078,367,7,5
2079,367,22,1
2080,367,9,5
2081,367,17,2
2082,367,15,4
2083,368,3,2
2084,368,21,2
2085,368,10,1
2086,368,12,5
2087,368,14,1
2088,368,1,5
2089,368,18,3
2090,369,17,2
2091,369,8,1
2092,369,15,2
2093,369,21,4
2094,369,7,4
2095,369,9,2
2096,369,2,2
2097,370,2,3
2098,370,24,5
2099,370,21,4
2100,370,12,1
2101,370,10,1
2102,370,7,1
2103,370,14,5
2104,370,9,2
2105,371,1,1
2106,371,16,2
2107,371,17,4
2108,371,4,5
2109,372,11,2
2110,372,14,1
2111,372,7,2
2112,372,24,4
2113,372,8,2
2114,372,4,4
2115,372,21,2
2116,373,16,4
2117,373,19,2
2118,373,2,2
2119,374,15,3
2120,374,6,3
2121,374,13,2
2122,374,12,3
2123,374,5,2
2124,374,24,1
2125,374,7,5
2126,375,9,4
2127,375,5,4
2128,375,4,4
2129,376,11,2
2130,376,8,5
2131,376,10,2
2132,376,20,5
2133,377,8,4
2134,377,3,3
2135,377,14,1
2136,377,17,4
2137,377,16,2
2138,377,7,2
2139,377,20,3
2140,378,19,4
2141,378,8,1
2142,378,24,1
2143,378,5,4
2144,378,22,5
2145,378,1,1
2146,379,17,2
2147,379,13,1
2148,379,16,5
2149,379,4,1
2150,379,15,4
2151,379,22,2
2152,380,12,1
2153,380,10,1
2154,380,8,4
2155,380,21,3
2156,381,23,5
2157,381,15,1
2158,381,19,4
2159,381,24,4
2160,382,23,4
2161,382,13,1
2162,382,6,1
2163,382,12,4
2164,383,11,1
2165,383,17,5
2166,383,2,3
2167,383,10,1
2168,383,14,5
2169,383,9,3
2170,383,18,1
2171,383,7,1
2172,384,12,2
2173,384,15,5
2174,384,20,1
2175,384,2,5
2176,384,24,2
2177,384,22,2
2178,385,8,5
2179,385,18,2
2180,385,4,2
2181,385,21,3
2182,385,16,3
2183,386,17,1
2184,386,22,3
2185,386,14,3
2186,386,9,4
2187,386,2,4
2188,387,17,5
2189,387,4,3
2190,387,16,1
2191,387,18,2
2192,387,21,4
2193,387,10,1
2194,387,15,1
2195,388,6,1
2196,388,10,2
2197,388,3,4
2198,388,4,2
2199,388,24,2
2200,388,9,5
2201,389,1,4
2202,389,10,1
2203,389,14,3
2204,389,18,2
2205,389,5,1
2206,389,16,1
2207,389,12,2
2208,389,22,5
2209,390,11,4
2210,390,14,3
2211,390,19,5
2212,390,24,2
2213,390,21,3
2214,390,16,2
2215,390,17,3
2216,390,15,2
2217,391,12,4
2218,391,10,2
2219,391,2,5
2220,391,5,2
2221,391,24,5
2222,391,23,3
2223,392,6,2
2224,392,23,2
2225,392,22,1
2226,392,5,1
2227,393,19,2
2228,393,5,2
2229,393,15,5
2230,393,9,1
2231,393,12,3
2232,394,5,5
2233,394,12,3
2234,394,15,1
2235,394,18,1
2236,394,6,4
2237,395,5,5
2238,395,15,3
2239,395,11,3
2240,395,24,4
2241,395,1,3
2242,395,18,5
2243,396,5,5
2244,396,19,1
2245,396,15,3
2246,396,11,1
2247,396,4,4
2248,396,16,5
2249,396,2,2
2250,396,24,4
2251,397,3,2
2252,397,11,5
2253,397,2,5
2254,397,20,2
2255,397,21,3
2256,398,1,1
2257,398,3,5
2258,398,18,4
2259,398,15,2
2260,399,11,4
2261,399,20,2
2262,399,23,4
2263,399,17,3
2264,399,2,4
2265,399,12,3
2266,400,10,5
2267,400,12,1
2268,400,15,2
2269,401,15,5
2270,401,14,5
2271,401,24,1
2272,401,10,2
2273,401,6,2
2274,401,23,3
2275,401,19,4
2276,401,5,5
2277,402,3,3
2278,402,19,4
2279,402,13,2
2280,402,1,5
2281,402,14,4
2282,403,19,1
2283,403,5,3
2284,403,7,5
2285,403,6,3
2286,403,13,4
2287,403,10,5
2288,403,18,4
2289,403,16,2
2290,404,1,3
2291,404,5,4
2292,404,9,1
2293,405,22,3
2294,405,10,4
2295,405,14,1
2296,405,6,5
2297,405,16,3
2298,405,8,5
2299,405,1,4
2300,405,4,5
2301,406,9,5
2302,406,21,5
2303,406,22,1
2304,406,16,3
2305,406,4,2
2306,406,12,5
2307,407,5,2
2308,407,11,3
2309,407,15,2
2310,408,9,3
2311,408,12,1
2312,408,14,3
2313,409,17,1
2314,409,21,5
2315,409,3,2
2316,409,7,5
2317,409,6,3
2318,410,22,1
2319,410,10,5
2320,410,9,5
2321,410,23,3
2322,410,12,2
2323,411,5,3
2324,411,17,4
2325,411,10,4
2326,412,6,2
2327,412,4,2
2328,412,7,5
2329,412,5,5
2330,412,17,5
2331,413,23,2
2332,413,18,1
2333,413,4,4
2334,413,14,3
2335,413,15,3
2336,413,3,3
2337,413,22,2
2338,414,20,1
2339,414,17,2
2340,414,11,2
2341,414,6,2
2342,414,10,2
2343,414,1,3
2344,415,7,1
2345,415,5,1
2346,415,3,1
2347,415,14,4
2348,416,2,1
2349,416,7,4
2350,416,4,1
2351,416,24,3
2352,416,17,1
2353,416,19,1
2354,417,22,5
2355,417,1,2
2356,417,4,2
2357,417,20,3
2358,417,7,1
2359,418,5,5
2360,418,24,3
2361,418,9,3
2362,419,17,5
2363,419,24,5
2364,419,20,1
2365,419,8,1
2366,420,1,1
2367,420,17,1
2368,420,7,2
2369,420,22,5
2370,420,10,4
2371,420,6,3
2372,420,18,5
2373,421,15,3
2374,421,22,4
2375,421,4,4
2376,421,6,2
2377,422,8,5
2378,422,14,2
2379,422,4,4
2380,422,11,3
2381,422,22,3
2382,422,15,5
2383,422,20,1
2384,423,11,4
2385,423,16,3
2386,423,4,4
2387,424,24,3
2388,424,10,4
2389,424,22,2
2390,424,15,1
2391,424,8,4
2392,424,18,3
2393,424,14,2
2394,425,22,4
2395,425,16,4
2396,425,4,5
2397,426,22,1
2398,426,3,3
2399,426,4,2
2400,426,5,3
2401,426,13,2
2402,426,20,5
2403,426,24,4
2404,426,6,1
2405,427,14,5
2406,427,24,5
2407,427,16,3
2408,427,9,4
2409,428,16,3
2410,428,22,2
2411,428,20,4
2412,428,13,1
2413,428,17,1
2414,429,16,1
2415,429,8,1
2416,429,21,1
2417,429,5,4
2418,429,1,1
2419,430,13,2
2420,430,20,3
2421,430,22,5
2422,430,11,5
2423,431,3,4
2424,431,22,4
2425,431,17,2
2426,432,22,3
2427,432,16,5
2428,432,17,5
2429,432,9,1
2430,432,18,1
2431,433,4,4
2432,433,13,1
2433,433,15,1
2434,433,11,2
2435,433,23,5
2436,433,22,3
2437,434,6,5
2438,434,16,4
2439,434,14,5
2440,434,5,5
2441,434,10,5
2442,434,13,4
2443,434,23,4
2444,434,4,5
2445,435,17,4
2446,435,2,5
2447,435,13,4
2448,435,9,5
2449,436,12,3
2450,436,10,3
2451,436,11,5
2452,436,2,1
2453,436,1,3
2454,436,19,4
2455,436,21,1
2456,436,5,4
2457,437,12,2
2458,437,14,2
2459,437,2,3
2460,437,22,5
2461,437,8,1
2462,438,3,1
2463,438,10,4
2464,438,4,4
2465,438,11,5
2466,438,6,5
2467,438,1,4
2468,438,18,3
2469,438,21,1
2470,439,16,5
2471,439,19,1
2472,439,1,4
2473,439,11,1
2474,439,13,2
2475,439,23,3
2476,439,20,4
2477,439,21,5
2478,440,11,1
2479,440,6,5
2480,440,20,2
2481,440,10,3
2482,440,12,3
2483,440,14,1
2484,440,7,3
2485,440,16,5
2486,441,8,3
2487,441,20,3
2488,441,3,1
2489,441,19,5
2490,441,4,5
2491,441,21,4
2492,442,7,3
2493,442,12,4
2494,442,3,5
2495,442,21,3
2496,442,10,2
2497,442,17,4
2498,443,9,1
2499,443,20,5
2500,443,17,2
2501,443,15,5
2502,443,18,4
2503,443,6,2
2504,444,24,2
2505,444,15,3
2506,444,9,4
2507,444,21,2
2508,444,18,2
2509,444,14,2
2510,444,2,3
2511,444,17,4
2512,445,11,3
2513,445,3,2
2514,445,21,3
2515,445,7,5
2516,445,14,2
2517,445,9,4
2518,446,4,2
2519,446,5,3
2520,446,7,4
2521,446,1,4
2522,447,14,2
2523,447,24,1
2524,447,21,3
2525,447,2,3
2526,447,7,5
2527,447,6,2
2528,447,9,1
2529,448,16,3
2530,448,1,1
2531,448,2,4
2532,448,3,2
2533,448,11,2
2534,448,10,1
2535,448,21,5
2536,448,14,5
2537,449,17,5
2538,449,22,3
2539,449,19,4
2540,450,8,3
2541,450,20,3
2542,450,4,5
2543,451,13,3
2544,451,8,4
2545,451,14,4
2546,451,7,3
2547,451,5,5
2548,451,4,1
2549,451,6,4
2550,451,21,5
2551,452,23,4
2552,452,4,2
2553,452,11,3
2554,452,18,2
2555,452,14,3
2556,453,23,1
2557,453,12,2
2558,453,10,3
2559,453,1,5
2560,453,20,4
2561,453,2,3
2562,454,23,1
2563,454,12,4
2564,454,22,3
2565,454,4,3
2566,454,18,1
2567,454,8,2
2568,454,15,3
2569,454,13,2
2570,455,15,1
2571,455,21,3
2572,455,11,1
2573,455,14,4
2574,456,24,3
2575,456,14,5
2576,456,11,1
2577,456,23,3
2578,456,4,4
2579,456,6,5
2580,457,18,1
2581,457,11,4
2582,457,15,2
2583,457,1,3
2584,457,2,3
2585,457,6,5
2586,457,22,1
2587,457,5,1
2588,458,8,2
2589,458,17,5
2590,458,23,4
2591,458,21,3
2592,459,16,3
2593,459,5,2
2594,459,9,1
2595,459,6,4
2596,459,19,3
2597,459,11,2
2598,460,13,5
2599,460,19,2
2600,460,8,1
2601,460,1,4
2602,460,21,2
2603,460,18,3
2604,461,6,3
2605,461,2,2
2606,461,13,5
2607,461,20,1
2608,461,14,1
2609,461,9,5
2610,461,5,4
2611,461,3,4
2612,462,16,4
2613,462,4,2
2614,462,8,4
2615,462,7,2
2616,462,21,5
2617,462,9,2
2618,462,10,3
2619,462,24,2
2620,463,6,2
2621,463,14,5
2622,463,5,4
2623,463,1,2
2624,463,10,3
2625,463,9,5
2626,464,21,2
2627,464,15,4
2628,464,3,4
2629,464,1,5
2630,464,16,3
2631,464,5,1
2632,464,11,1
2633,464,13,5
2634,465,2,4
2635,465,11,3
2636,465,8,5
2637,466,20,4
2638,466,23,3
2639,466,2,2
2640,466,1,5
2641,466,9,1
2642,466,17,5
2643,466,13,2
2644,466,10,3
2645,467,17,2
2646,467,16,1
2647,467,11,3
2648,467,15,5
2649,468,5,4
2650,468,9,3
2651,468,4,3
2652,468,11,4
2653,468,2,3
2654,468,24,3
2655,469,9,2
2656,469,17,5
2657,469,11,4
2658,469,14,1
2659,469,6,2
2660,469,22,2
2661,469,16,1
2662,470,6,2
2663,470,2,4
2664,470,16,4
2665,470,9,1
2666,471,2,4
2667,471,15,1
2668,471,12,2
2669,471,18,1
2670,471,16,3
2671,471,23,1
2672,472,10,3
2673,472,6,5
2674,472,24,5
2675,472,17,2
2676,473,1,4
2677,473,17,1
2678,473,19,3
2679,473,6,1
2680,473,14,3
2681,473,3,1
2682,473,8,4
2683,474,19,1
2684,474,4,4
2685,474,11,4
2686,474,5,4
2687,474,1,3
2688,475,22,5
2689,475,1,2
2690,475,11,2
2691,475,2,1
2692,475,20,3
2693,475,15,3
2694,475,24,1
2695,476,3,2
2696,476,18,4
2697,476,20,1
2698,476,13,1
2699,476,24,2
2700,476,21,2
2701,476,9,4
2702,476,6,4
2703,477,21,4
2704,477,5,3
2705,477,4,5
2706,477,10,2
2707,477,16,3
2708,478,4,3
2709,478,12,5
2710,478,17,5
2711,478,7,4
2712,478,16,1
2713,478,15,4
2714,478,13,3
2715,478,20,5
2716,479,14,5
2717,479,21,3
2718,479,3,4
2719,479,2,2
2720,480,22,4
2721,480,23,4
2722,480,5,1
2723,480,16,4
2724,480,17,3
2725,480,20,2
2726,480,3,2
2727,480,10,3
2728,481,17,1
2729,481,14,5
2730,481,10,1
2731,481,19,1
2732,482,4,3
2733,482,17,3
2734,482,14,5
2735,482,22,1
2736,482,24,5
2737,482,15,1
2738,482,9,1
2739,483,22,3
2740,483,15,3
2741,483,6,5
2742,483,24,4
2743,483,13,4
2744,483,2,5
2745,483,3,3
2746,483,14,3
2747,484,7,5
2748,484,6,3
2749,484,3,1
2750,484,24,4
2751,485,1,4
2752,485,24,4
2753,485,13,5
2754,485,4,4
2755,485,23,3
2756,485,6,5
2757,485,16,5
2758,486,23,2
2759,486,22,2
2760,486,13,1
2761,486,10,2
2762,486,3,1
2763,487,23,2
2764,487,7,4
2765,487,1,2
2766,488,8,2
2767,488,14,4
2768,488,21,4
2769,488,18,1
2770,488,7,1
2771,488,3,2
2772,488,10,2
2773,488,15,4
2774,489,16,3
2775,489,1,5
2776,489,15,4
2777,489,19,1
2778,489,8,3
2779,489,7,1
2780,490,21,4
2781,490,23,4
2782,490,14,5
2783,491,24,5
2784,491,18,5
2785,491,10,5
2786,491,2,4
2787,491,16,2
2788,491,13,1
2789,491,20,5
2790,492,14,5
2791,492,19,1
2792,492,11,3
2793,493,14,1
2794,493,16,2
2795,493,4,3
2796,493,23,2
2797,493,20,4
2798,493,12,3
2799,493,15,4
2800,493,24,2
2801,494,8,3
2802,494,19,4
2803,494,22,4
2804,494,11,3
2805,494,20,4
2806,494,15,2
2807,494,5,5
2808,495,10,4
2809,495,23,2
2810,495,24,2
2811,495,3,2
2812,496,20,4
2813,496,16,3
2814,496,4,2
2815,496,14,2
2816,497,2,5
2817,497,1,1
2818,497,12,1
2819,497,9,3
2820,497,22,4
2821,497,6,1
2822,497,19,5
2823,498,4,3
2824,498,18,3
2825,498,8,3
2826,498,16,1
2827,499,9,4
2828,499,5,1
2829,499,17,1
2830,499,20,5
2831,499,4,5
2832,499,2,1
2833,499,15,5
2834,500,17,1
2835,500,4,2
2836,500,6,3
