student_email,leetcode_rating
thomas.kapadia0@example.com,1347
ekaraj.uppal1@example.com,983
aadhya.zachariah2@example.com,2075
samarth.grewal3@example.com,1079
gayathri.shan4@example.com,1003
janya.maharaj5@example.com,1669
keya.dey6@example.com,993
yashvi.nadkarni7@example.com,1025
faris.doshi8@example.com,1982
liam.atwal9@example.com,2182
ansh.murty10@example.com,1239
pooja.divan11@example.com,1314
chanakya.lala12@example.com,1542
ubika.kumer13@example.com,1048
anthony.mukhopadhyay14@example.com,1867
rehaan.krishnamurthy15@example.com,2150
isaac.lad16@example.com,1207
charita.mutti17@example.com,1608
yuvraj.modi18@example.com,1816
upkaar.devan19@example.com,1437
indira.seth20@example.com,1812
waida.doshi21@example.com,2004
panini.konda22@example.com,1057
sathvik.rao23@example.com,1694
oscar.karpe24@example.com,1859
agastya.suresh25@example.com,2005
umang.dani26@example.com,2180
mohammed.parsa27@example.com,938
vasudha.lalla28@example.com,1303
siya.patla29@example.com,1682
leela.master30@example.com,971
omkaar.vora31@example.com,1203
manbir.mitra32@example.com,1060
brijesh.nagy33@example.com,1179
akshay.sur34@example.com,1514
ryan.tank35@example.com,1335
geetika.merchant36@example.com,1903
abhimanyu.gara37@example.com,1575
ubika.gola38@example.com,1336
harrison.dugar39@example.com,1244
saumya.gour40@example.com,1846
hema.hayre41@example.com,1460
lipika.parsa42@example.com,1138
aarush.sur43@example.com,2050
baljiwan.goswami44@example.com,2011
vedhika.banik45@example.com,922
ayaan.chahal46@example.com,1774
hemani.rout47@example.com,1916
michael.dara48@example.com,1785
jairaj.rajan49@example.com,1796
chanakya.bhardwaj50@example.com,989
ekalinga.contractor51@example.com,1657
ethan.balasubramanian52@example.com,1018
zayyan.sur53@example.com,2049
pallavi.prabhakar54@example.com,2035
wazir.deshpande55@example.com,1322
ojas.mannan56@example.com,1867
indali.dave57@example.com,1898
amara.sarin58@example.com,1287
hardik.kota59@example.com,1884
onkar.bhavsar60@example.com,1042
siddharth.barad61@example.com,1653
bhavika.radhakrishnan62@example.com,1355
ethan.gala63@example.com,1342
bimala.suresh64@example.com,1096
chanchal.manda65@example.com,1121
gaurangi.banerjee66@example.com,1336
aashi.nayak67@example.com,1615
eta.mander68@example.com,1789
ayush.jani69@example.com,1861
chavvi.kade70@example.com,1480
veda.brar71@example.com,1243
arjun.bandi72@example.com,1579
varenya.prabhakar73@example.com,2020
tanish.kaul74@example.com,1942
tamanna.bhat75@example.com,1821
chameli.parmer76@example.com,1316
ganga.bava77@example.com,1070
balendra.raman78@example.com,1837
rehaan.khurana79@example.com,1838
darika.taneja80@example.com,1021
timothy.kala81@example.com,1709
vinaya.wason82@example.com,2174
turvi.borde83@example.com,1050
henry.gopal84@example.com,1982
sai.prabhu85@example.com,1113
victor.upadhyay86@example.com,1335
falan.dalal87@example.com,1796
neelima.datta88@example.com,1204
oeshi.pathak89@example.com,1444
chanchal.dora90@example.com,1991
finn.master91@example.com,1569
timothy.kaul92@example.com,1462
wyatt.batra93@example.com,1433
chaaya.shenoy94@example.com,1471
lopa.parmer95@example.com,992
matthew.raju96@example.com,1716
abdul.upadhyay97@example.com,1231
abhiram.wadhwa98@example.com,1591
ubika.sankaran99@example.com,1457
ekiya.jhaveri100@example.com,1288
yasti.krish101@example.com,1368
anita.dhillon102@example.com,2107
hema.rastogi103@example.com,1189
suhani.dutt104@example.com,1089
gautam.kari105@example.com,1805
eta.prabhu106@example.com,1538
avni.sinha107@example.com,1084
onveer.hayer108@example.com,2185
praneel.ganesan109@example.com,1327
rudra.kala110@example.com,1308
hardik.buch111@example.com,1688
irya.wadhwa112@example.com,1386
xiti.vora113@example.com,1243
divya.sridhar114@example.com,1852
gunbir.dyal115@example.com,977
warinder.kant116@example.com,1078
chanakya.batra117@example.com,1671
ayushman.bhatia118@example.com,1589
mohammed.sachdeva119@example.com,1838
chanchal.acharya120@example.com,2046
dayita.bhalla121@example.com,956
krisha.apte122@example.com,2198
radhika.nair123@example.com,1280
agastya.padmanabhan124@example.com,1487
pratyush.kalita125@example.com,1727
pranav.jain126@example.com,2140
urvashi.bansal127@example.com,1350
indali.bains128@example.com,1563
anusha.anne129@example.com,2113
pushti.jha130@example.com,1873
anmol.narasimhan131@example.com,2151
ryan.dhar132@example.com,1407
brinda.dara133@example.com,1289
divya.salvi134@example.com,992
farhan.comar135@example.com,1670
lajita.minhas136@example.com,1461
widisha.gole137@example.com,1442
rehaan.padmanabhan138@example.com,2050
eta.magar139@example.com,1985
sanaya.khurana140@example.com,1668
panini.parmar141@example.com,1399
vaishnavi.kala142@example.com,947
bhavini.nagy143@example.com,2029
bhavika.banik144@example.com,1528
xalak.madan145@example.com,1439
gayathri.bose146@example.com,2050
dipta.khanna147@example.com,1599
nilima.merchant148@example.com,1628
viraj.sama149@example.com,1384
chaitanya.basu150@example.com,2185
ojasvi.dugar151@example.com,1853
champak.padmanabhan152@example.com,956
vihaan.balay153@example.com,1496
darpan.mutti154@example.com,1161
zinal.trivedi155@example.com,1409
lakshit.kadakia156@example.com,1736
yauvani.chaudhry157@example.com,1432
aarna.patla158@example.com,946
keya.natarajan159@example.com,1729
forum.bala160@example.com,1924
wahab.murthy161@example.com,2022
aadi.warrior162@example.com,1449
kashvi.rastogi163@example.com,1780
azaan.issac164@example.com,1479
ganga.das165@example.com,1387
nisha.thakur166@example.com,1892
eesha.kalla167@example.com,1188
ekansh.comar168@example.com,2159
shivansh.bains169@example.com,2151
tejas.wason170@example.com,944
maya.sengupta171@example.com,2163
falan.malhotra172@example.com,1314
pahal.raju173@example.com,1214
balveer.jani174@example.com,1056
ayaan.kapoor175@example.com,1931
kritika.pall176@example.com,1940
lipika.bahri177@example.com,1665
xiti.sami178@example.com,1821
kashvi.kaur179@example.com,2086
rachita.sengupta180@example.com,1289
hritik.ben181@example.com,1792
balvan.sheth182@example.com,2056
balhaar.bala183@example.com,1100
guneet.cherian184@example.com,1295
parth.mani185@example.com,1602
raksha.raju186@example.com,900
shivansh.kara187@example.com,1964
vrinda.kapoor188@example.com,1522
pavani.tak189@example.com,1680
zarna.rege190@example.com,1504
anjali.prasad191@example.com,1887
advay.bath192@example.com,973
ojasvi.bumb193@example.com,2107
nitara.misra194@example.com,1397
onveer.ray195@example.com,1912
logan.johal196@example.com,1621
mitali.handa197@example.com,1667
benjamin.konda198@example.com,1987
bakhshi.lad199@example.com,1885
jagat.vyas200@example.com,1758
vedhika.singh201@example.com,1939
dakshesh.deshmukh202@example.com,1276
gaurika.borde203@example.com,1800
balhaar.kohli204@example.com,1296
jyoti.kapadia205@example.com,1680
ronith.sen206@example.com,1348
wahab.shroff207@example.com,1108
kala.shenoy208@example.com,2010
jalsa.chatterjee209@example.com,2002
jasmit.roy210@example.com,1975
aahana.misra211@example.com,1980
priya.vala212@example.com,1174
suhani.goswami213@example.com,2121
faras.pal214@example.com,2021
jonathan.balay215@example.com,1673
chatura.nagar216@example.com,2178
zarna.contractor217@example.com,1913
damyanti.keer218@example.com,1938
irya.walia219@example.com,1486
patrick.subramaniam220@example.com,1513
vrinda.vaidya221@example.com,1112
elijah.handa222@example.com,1862
benjamin.pandit223@example.com,2035
balvan.kannan224@example.com,1459
kevin.bhandari225@example.com,1683
dhriti.nayar226@example.com,1569
arunima.bajwa227@example.com,2014
omaja.tella228@example.com,2059
charita.gara229@example.com,1472
upma.kumar230@example.com,1339
ojasvi.aggarwal231@example.com,1418
dalbir.ram232@example.com,1195
raagini.mitra233@example.com,2085
inaya.bumb234@example.com,1866
pratyush.batra235@example.com,1627
chasmum.sengupta236@example.com,932
janani.chatterjee237@example.com,1885
pavani.lata238@example.com,1567
omkaar.bawa239@example.com,1242
deepa.palla240@example.com,1620
tamanna.walia241@example.com,2149
rachita.mangal242@example.com,1996
urvi.bath243@example.com,1120
charvi.mand244@example.com,1247
omya.chaudhry245@example.com,2189
caleb.loyal246@example.com,1541
samesh.kala247@example.com,1317
krish.bains248@example.com,2017
ijaya.gala249@example.com,1007
rishi.radhakrishnan250@example.com,2027
pooja.natt251@example.com,2158
vanya.ranganathan252@example.com,1129
zinal.hayer253@example.com,1279
om.salvi254@example.com,1231
luke.chakrabarti255@example.com,1143
chatresh.nigam256@example.com,1799
vincent.chada257@example.com,1789
ekiya.singhal258@example.com,1375
timothy.sibal259@example.com,1221
kashish.ghosh260@example.com,2026
alexander.rastogi261@example.com,1092
adweta.choudhry262@example.com,1487
devika.chana263@example.com,1816
harsh.shanker264@example.com,1651
alka.date265@example.com,1199
samesh.natt266@example.com,1104
yashoda.nagi267@example.com,2047
michael.keer268@example.com,1317
jeremiah.batta269@example.com,2116
yashoda.dugar270@example.com,1769
william.rastogi271@example.com,916
yamini.grover272@example.com,1153
barkha.kohli273@example.com,1437
ekbal.pradhan274@example.com,1687
upma.borah275@example.com,1619
banjeet.kara276@example.com,1028
deepa.dhillon277@example.com,2056
sai.mall278@example.com,1485
shivani.lata279@example.com,1923
madhav.master280@example.com,943
jagvi.gole281@example.com,1760
vihaan.subramanian282@example.com,1684
vincent.comar283@example.com,1396
suhani.vyas284@example.com,1590
vritti.raja285@example.com,1167
ekta.badami286@example.com,2127
samar.sha287@example.com,1185
varsha.ben288@example.com,1169
jack.barman289@example.com,1770
bimala.om290@example.com,1000
yashawini.ben291@example.com,2103
saumya.dar292@example.com,1705
harsh.keer293@example.com,2087
krishna.sur294@example.com,2032
mohini.ratti295@example.com,1095
hema.karan296@example.com,1739
rachita.saha297@example.com,2012
peter.raja298@example.com,1353
devansh.kade299@example.com,1958
rajeshri.gopal300@example.com,1457
nikita.seth301@example.com,1292
reyansh.narang302@example.com,2000
advay.peri303@example.com,1665
gauri.luthra304@example.com,1025
pratyush.d’alia305@example.com,1304
pooja.pillay306@example.com,1880
kamya.sawhney307@example.com,1103
indali.talwar308@example.com,1215
oeshi.modi309@example.com,1827
gautam.rastogi310@example.com,1367
abhimanyu.subramaniam311@example.com,1272
vamakshi.mand312@example.com,968
vamakshi.toor313@example.com,1464
praneel.deshpande314@example.com,1589
raksha.mahal315@example.com,1536
mekhala.bala316@example.com,1993
ekalinga.bir317@example.com,1908
jacob.madan318@example.com,1277
isha.suri319@example.com,2085
jagat.muni320@example.com,2098
ranveer.bakshi321@example.com,1397
ridhi.bora322@example.com,1148
jagdish.lalla323@example.com,1620
hredhaan.dhar324@example.com,1281
gaurika.aggarwal325@example.com,923
jagvi.nigam326@example.com,1414
sneha.kunda327@example.com,1841
zehaan.dutta328@example.com,1426
girish.murty329@example.com,1466
rajata.pau330@example.com,1037
saksham.deol331@example.com,2162
logan.keer332@example.com,1194
harshil.chadha333@example.com,1253
mugdha.tank334@example.com,1246
vasana.bail335@example.com,1666
chaitanya.pandey336@example.com,1765
sneha.chada337@example.com,941
suhani.pai338@example.com,1823
bhanumati.din339@example.com,1580
joshua.bhat340@example.com,1162
zayyan.narula341@example.com,1023
chameli.warrior342@example.com,1009
aarav.bose343@example.com,1456
bhavya.kuruvilla344@example.com,964
ishani.sahota345@example.com,1732
bhanumati.halder346@example.com,923
gauri.gupta347@example.com,1150
lucky.nigam348@example.com,1015
tanmayi.sandhu349@example.com,2086
dayamai.arya350@example.com,1078
keya.jha351@example.com,1890
vincent.sundaram352@example.com,2126
alexander.gola353@example.com,1121
shaurya.verma354@example.com,1004
vansha.sami355@example.com,1497
siddharth.nair356@example.com,1998
bhavna.mohanty357@example.com,2095
bhavini.acharya358@example.com,1217
harinakshi.das359@example.com,2135
anvi.raju360@example.com,1516
garima.mand361@example.com,1812
sachi.kalla362@example.com,2095
tanay.bhargava363@example.com,947
aadi.kunda364@example.com,1958
jonathan.nadig365@example.com,1340
jonathan.manne366@example.com,1919
anmol.date367@example.com,1355
yug.deo368@example.com,1745
adya.anand369@example.com,1469
vritti.krishnan370@example.com,2095
gaurav.bava371@example.com,1209
rajata.chakraborty372@example.com,1385
nirja.bakshi373@example.com,1623
orinder.chana374@example.com,953
anirudh.kanda375@example.com,1963
ishita.prasad376@example.com,976
hemang.varty377@example.com,1839
aarini.hayre378@example.com,1874
eiravati.doctor379@example.com,1238
charita.bhagat380@example.com,1690
vrinda.sabharwal381@example.com,1115
libni.rai382@example.com,1370
meera.bhatnagar383@example.com,2142
chakradhar.sheth384@example.com,2001
hemani.bhatnagar385@example.com,1903
nimrat.mutti386@example.com,1845
osha.lalla387@example.com,903
amara.keer388@example.com,1633
falak.hegde389@example.com,1778
chakradev.sarma390@example.com,1684
isaac.biswas391@example.com,1971
nilima.luthra392@example.com,1995
nidhi.dora393@example.com,2051
qasim.shankar394@example.com,1005
yamini.soman395@example.com,1673
utkarsh.goel396@example.com,1710
ekaraj.deo397@example.com,1663
vyanjana.goyal398@example.com,1729
kritika.dubey399@example.com,1483
kashish.lata400@example.com,2126
ayushman.majumdar401@example.com,1059
jairaj.bhatti402@example.com,1292
qushi.chhabra403@example.com,1150
avi.sahni404@example.com,1309
yuvraj.sabharwal405@example.com,1993
om.anne406@example.com,962
warjas.ranganathan407@example.com,1354
maya.contractor408@example.com,2039
eesha.ben409@example.com,1822
varsha.golla410@example.com,1662
yashoda.kota411@example.com,1373
advay.tank412@example.com,921
meghana.batra413@example.com,1966
mahika.krish414@example.com,1051
onveer.varty415@example.com,1014
ganga.patla416@example.com,984
harrison.din417@example.com,1989
yahvi.dyal418@example.com,1811
manbir.chana419@example.com,1418
vivaan.mitter420@example.com,945
max.more421@example.com,1118
yahvi.raju422@example.com,1716
keya.dave423@example.com,1122
nidra.prakash424@example.com,1360
meera.natarajan425@example.com,1351
chanakya.sodhi426@example.com,1367
falak.upadhyay427@example.com,1554
arya.saini428@example.com,955
dalbir.viswanathan429@example.com,1876
rudra.pandya430@example.com,1062
vedhika.pant431@example.com,2114
nidhi.krishna432@example.com,1014
darika.malhotra433@example.com,1850
kiaan.venkatesh434@example.com,1301
avi.palan435@example.com,1603
vaishnavi.deshpande436@example.com,925
jagdish.shan437@example.com,1512
dakshesh.dhingra438@example.com,977
aadhya.thakur439@example.com,1277
anvi.shukla440@example.com,1273
hema.prashad441@example.com,1217
chasmum.lanka442@example.com,2177
samarth.sethi443@example.com,1474
lakshmi.banik444@example.com,2179
harini.prabhakar445@example.com,1922
yamini.manne446@example.com,1222
ansh.behl447@example.com,1530
liam.gupta448@example.com,1229
leela.mohan449@example.com,1792
pahal.andra450@example.com,1605
darsh.aggarwal451@example.com,1198
siya.gaba452@example.com,1069
shivansh.sathe453@example.com,1875
daksha.sane454@example.com,1076
upasna.minhas455@example.com,1523
sanya.mutti456@example.com,2193
rudra.deol457@example.com,1088
osha.soni458@example.com,2185
manthan.dasgupta459@example.com,1233
dalaja.ahuja460@example.com,983
inaya.vora461@example.com,1515
jagdish.radhakrishnan462@example.com,1543
anya.kashyap463@example.com,1237
anvi.bajaj464@example.com,1920
vedika.trivedi465@example.com,1095
harrison.mandal466@example.com,1567
matthew.raman467@example.com,942
urvashi.kibe468@example.com,1223
jhalak.sankaran469@example.com,2094
gagan.babu470@example.com,1500
qadim.banerjee471@example.com,1568
jackson.narayanan472@example.com,1193
aradhana.dhar473@example.com,1901
qadim.bath474@example.com,2150
chandani.hayer475@example.com,1283
aadhya.gopal476@example.com,1631
dipta.mander477@example.com,1672
ekapad.radhakrishnan478@example.com,1334
arunima.sankar479@example.com,1573
yutika.sandhu480@example.com,1528
ekapad.ramachandran481@example.com,1177
abha.talwar482@example.com,1675
warda.mohanty483@example.com,1470
ikshita.bir484@example.com,1771
fitan.palla485@example.com,1490
mugdha.ramachandran486@example.com,1741
arya.sunder487@example.com,1892
abha.grover488@example.com,1845
noah.agate489@example.com,1853
kamya.gour490@example.com,1264
vivaan.shanker491@example.com,1825
vritti.de492@example.com,1378
mohini.bal493@example.com,2014
akshay.pandey494@example.com,1624
amrita.anne495@example.com,1243
aradhana.more496@example.com,2167
sanya.ram497@example.com,1971
hemang.goyal498@example.com,1845
fariq.nayak499@example.com,1558
