student_email,achievement_title
thomas.kapadia0@example.com,Best Project
ekaraj.uppal1@example.com,Best Project
aadhya.zachariah2@example.com,Best Project
samarth.grewal3@example.com,Best Project
gayathri.shan4@example.com,Best Project
janya.maharaj5@example.com,Best Project
keya.dey6@example.com,Best Project
yashvi.nadkarni7@example.com,Best Project
faris.doshi8@example.com,Best Project
liam.atwal9@example.com,Best Project
ansh.murty10@example.com,Best Project
pooja.divan11@example.com,Best Project
chanakya.lala12@example.com,Best Project
ubika.kumer13@example.com,Best Project
anthony.mukhopadhyay14@example.com,Best Project
rehaan.krishnamurthy15@example.com,Best Project
isaac.lad16@example.com,Best Project
charita.mutti17@example.com,Best Project
yuvraj.modi18@example.com,Best Project
upkaar.devan19@example.com,Best Project
indira.seth20@example.com,Best Project
waida.doshi21@example.com,Best Project
panini.konda22@example.com,Best Project
sathvik.rao23@example.com,Best Project
oscar.karpe24@example.com,Best Project
agastya.suresh25@example.com,Best Project
umang.dani26@example.com,Best Project
mohammed.parsa27@example.com,Best Project
vasudha.lalla28@example.com,Best Project
siya.patla29@example.com,Best Project
leela.master30@example.com,Best Project
omkaar.vora31@example.com,Best Project
manbir.mitra32@example.com,Best Project
brijesh.nagy33@example.com,Best Project
akshay.sur34@example.com,Best Project
ryan.tank35@example.com,Best Project
geetika.merchant36@example.com,Best Project
abhimanyu.gara37@example.com,Best Project
ubika.gola38@example.com,Best Project
harrison.dugar39@example.com,Best Project
saumya.gour40@example.com,Best Project
hema.hayre41@example.com,Best Project
lipika.parsa42@example.com,Best Project
aarush.sur43@example.com,Best Project
baljiwan.goswami44@example.com,Best Project
vedhika.banik45@example.com,Best Project
ayaan.chahal46@example.com,Best Project
hemani.rout47@example.com,Best Project
michael.dara48@example.com,Best Project
jairaj.rajan49@example.com,Best Project
chanakya.bhardwaj50@example.com,Best Project
ekalinga.contractor51@example.com,Best Project
ethan.balasubramanian52@example.com,Best Project
zayyan.sur53@example.com,Best Project
pallavi.prabhakar54@example.com,Best Project
wazir.deshpande55@example.com,Best Project
ojas.mannan56@example.com,Best Project
indali.dave57@example.com,Best Project
amara.sarin58@example.com,Best Project
hardik.kota59@example.com,Best Project
onkar.bhavsar60@example.com,Best Project
siddharth.barad61@example.com,Best Project
bhavika.radhakrishnan62@example.com,Best Project
ethan.gala63@example.com,Best Project
bimala.suresh64@example.com,Best Project
chanchal.manda65@example.com,Best Project
gaurangi.banerjee66@example.com,Best Project
aashi.nayak67@example.com,Best Project
eta.mander68@example.com,Best Project
ayush.jani69@example.com,Best Project
chavvi.kade70@example.com,Best Project
veda.brar71@example.com,Best Project
arjun.bandi72@example.com,Best Project
varenya.prabhakar73@example.com,Best Project
tanish.kaul74@example.com,Best Project
tamanna.bhat75@example.com,Best Project
chameli.parmer76@example.com,Best Project
ganga.bava77@example.com,Best Project
balendra.raman78@example.com,Best Project
rehaan.khurana79@example.com,Best Project
darika.taneja80@example.com,Best Project
timothy.kala81@example.com,Best Project
vinaya.wason82@example.com,Best Project
turvi.borde83@example.com,Best Project
henry.gopal84@example.com,Best Project
sai.prabhu85@example.com,Best Project
victor.upadhyay86@example.com,Best Project
falan.dalal87@example.com,Best Project
neelima.datta88@example.com,Best Project
oeshi.pathak89@example.com,Best Project
chanchal.dora90@example.com,Best Project
finn.master91@example.com,Best Project
timothy.kaul92@example.com,Best Project
wyatt.batra93@example.com,Best Project
chaaya.shenoy94@example.com,Best Project
lopa.parmer95@example.com,Best Project
matthew.raju96@example.com,Best Project
abdul.upadhyay97@example.com,Best Project
abhiram.wadhwa98@example.com,Best Project
ubika.sankaran99@example.com,Best Project
ekiya.jhaveri100@example.com,Best Project
yasti.krish101@example.com,Best Project
anita.dhillon102@example.com,Best Project
hema.rastogi103@example.com,Best Project
suhani.dutt104@example.com,Best Project
gautam.kari105@example.com,Best Project
eta.prabhu106@example.com,Best Project
avni.sinha107@example.com,Best Project
onveer.hayer108@example.com,Best Project
praneel.ganesan109@example.com,Best Project
rudra.kala110@example.com,Best Project
hardik.buch111@example.com,Best Project
irya.wadhwa112@example.com,Best Project
xiti.vora113@example.com,Best Project
divya.sridhar114@example.com,Best Project
gunbir.dyal115@example.com,Best Project
warinder.kant116@example.com,Best Project
chanakya.batra117@example.com,Best Project
ayushman.bhatia118@example.com,Best Project
mohammed.sachdeva119@example.com,Best Project
chanchal.acharya120@example.com,Best Project
dayita.bhalla121@example.com,Best Project
krisha.apte122@example.com,Best Project
radhika.nair123@example.com,Best Project
agastya.padmanabhan124@example.com,Best Project
pratyush.kalita125@example.com,Best Project
pranav.jain126@example.com,Best Project
urvashi.bansal127@example.com,Best Project
indali.bains128@example.com,Best Project
anusha.anne129@example.com,Best Project
pushti.jha130@example.com,Best Project
anmol.narasimhan131@example.com,Best Project
ryan.dhar132@example.com,Best Project
brinda.dara133@example.com,Best Project
divya.salvi134@example.com,Best Project
farhan.comar135@example.com,Best Project
lajita.minhas136@example.com,Best Project
widisha.gole137@example.com,Best Project
rehaan.padmanabhan138@example.com,Best Project
eta.magar139@example.com,Best Project
sanaya.khurana140@example.com,Best Project
panini.parmar141@example.com,Best Project
vaishnavi.kala142@example.com,Best Project
bhavini.nagy143@example.com,Best Project
bhavika.banik144@example.com,Best Project
xalak.madan145@example.com,Best Project
gayathri.bose146@example.com,Best Project
dipta.khanna147@example.com,Best Project
nilima.merchant148@example.com,Best Project
viraj.sama149@example.com,Best Project
chaitanya.basu150@example.com,Best Project
ojasvi.dugar151@example.com,Best Project
champak.padmanabhan152@example.com,Best Project
vihaan.balay153@example.com,Best Project
darpan.mutti154@example.com,Best Project
zinal.trivedi155@example.com,Best Project
lakshit.kadakia156@example.com,Best Project
yauvani.chaudhry157@example.com,Best Project
aarna.patla158@example.com,Best Project
keya.natarajan159@example.com,Best Project
forum.bala160@example.com,Best Project
wahab.murthy161@example.com,Best Project
aadi.warrior162@example.com,Best Project
kashvi.rastogi163@example.com,Best Project
azaan.issac164@example.com,Best Project
ganga.das165@example.com,Best Project
nisha.thakur166@example.com,Best Project
eesha.kalla167@example.com,Best Project
ekansh.comar168@example.com,Best Project
shivansh.bains169@example.com,Best Project
tejas.wason170@example.com,Best Project
maya.sengupta171@example.com,Best Project
falan.malhotra172@example.com,Best Project
pahal.raju173@example.com,Best Project
balveer.jani174@example.com,Best Project
ayaan.kapoor175@example.com,Best Project
kritika.pall176@example.com,Best Project
lipika.bahri177@example.com,Best Project
xiti.sami178@example.com,Best Project
kashvi.kaur179@example.com,Best Project
rachita.sengupta180@example.com,Best Project
hritik.ben181@example.com,Best Project
balvan.sheth182@example.com,Best Project
balhaar.bala183@example.com,Best Project
guneet.cherian184@example.com,Best Project
parth.mani185@example.com,Best Project
raksha.raju186@example.com,Best Project
shivansh.kara187@example.com,Best Project
vrinda.kapoor188@example.com,Best Project
pavani.tak189@example.com,Best Project
zarna.rege190@example.com,Best Project
anjali.prasad191@example.com,Best Project
advay.bath192@example.com,Best Project
ojasvi.bumb193@example.com,Best Project
nitara.misra194@example.com,Best Project
onveer.ray195@example.com,Best Project
logan.johal196@example.com,Best Project
mitali.handa197@example.com,Best Project
benjamin.konda198@example.com,Best Project
bakhshi.lad199@example.com,Best Project
jagat.vyas200@example.com,Best Project
vedhika.singh201@example.com,Best Project
dakshesh.deshmukh202@example.com,Best Project
gaurika.borde203@example.com,Best Project
balhaar.kohli204@example.com,Best Project
jyoti.kapadia205@example.com,Best Project
ronith.sen206@example.com,Best Project
wahab.shroff207@example.com,Best Project
kala.shenoy208@example.com,Best Project
jalsa.chatterjee209@example.com,Best Project
jasmit.roy210@example.com,Best Project
aahana.misra211@example.com,Best Project
priya.vala212@example.com,Best Project
suhani.goswami213@example.com,Best Project
faras.pal214@example.com,Best Project
jonathan.balay215@example.com,Best Project
chatura.nagar216@example.com,Best Project
zarna.contractor217@example.com,Best Project
damyanti.keer218@example.com,Best Project
irya.walia219@example.com,Best Project
patrick.subramaniam220@example.com,Best Project
vrinda.vaidya221@example.com,Best Project
elijah.handa222@example.com,Best Project
benjamin.pandit223@example.com,Best Project
balvan.kannan224@example.com,Best Project
kevin.bhandari225@example.com,Best Project
dhriti.nayar226@example.com,Best Project
arunima.bajwa227@example.com,Best Project
omaja.tella228@example.com,Best Project
charita.gara229@example.com,Best Project
upma.kumar230@example.com,Best Project
ojasvi.aggarwal231@example.com,Best Project
dalbir.ram232@example.com,Best Project
raagini.mitra233@example.com,Best Project
inaya.bumb234@example.com,Best Project
pratyush.batra235@example.com,Best Project
chasmum.sengupta236@example.com,Best Project
janani.chatterjee237@example.com,Best Project
pavani.lata238@example.com,Best Project
omkaar.bawa239@example.com,Best Project
deepa.palla240@example.com,Best Project
tamanna.walia241@example.com,Best Project
rachita.mangal242@example.com,Best Project
urvi.bath243@example.com,Best Project
charvi.mand244@example.com,Best Project
omya.chaudhry245@example.com,Best Project
caleb.loyal246@example.com,Best Project
samesh.kala247@example.com,Best Project
krish.bains248@example.com,Best Project
ijaya.gala249@example.com,Best Project
rishi.radhakrishnan250@example.com,Best Project
pooja.natt251@example.com,Best Project
vanya.ranganathan252@example.com,Best Project
zinal.hayer253@example.com,Best Project
om.salvi254@example.com,Best Project
luke.chakrabarti255@example.com,Best Project
chatresh.nigam256@example.com,Best Project
vincent.chada257@example.com,Best Project
ekiya.singhal258@example.com,Best Project
timothy.sibal259@example.com,Best Project
kashish.ghosh260@example.com,Best Project
alexander.rastogi261@example.com,Best Project
adweta.choudhry262@example.com,Best Project
devika.chana263@example.com,Best Project
harsh.shanker264@example.com,Best Project
alka.date265@example.com,Best Project
samesh.natt266@example.com,Best Project
yashoda.nagi267@example.com,Best Project
michael.keer268@example.com,Best Project
jeremiah.batta269@example.com,Best Project
yashoda.dugar270@example.com,Best Project
william.rastogi271@example.com,Best Project
yamini.grover272@example.com,Best Project
barkha.kohli273@example.com,Best Project
ekbal.pradhan274@example.com,Best Project
upma.borah275@example.com,Best Project
banjeet.kara276@example.com,Best Project
deepa.dhillon277@example.com,Best Project
sai.mall278@example.com,Best Project
shivani.lata279@example.com,Best Project
madhav.master280@example.com,Best Project
jagvi.gole281@example.com,Best Project
vihaan.subramanian282@example.com,Best Project
vincent.comar283@example.com,Best Project
suhani.vyas284@example.com,Best Project
vritti.raja285@example.com,Best Project
ekta.badami286@example.com,Best Project
samar.sha287@example.com,Best Project
varsha.ben288@example.com,Best Project
jack.barman289@example.com,Best Project
bimala.om290@example.com,Best Project
yashawini.ben291@example.com,Best Project
saumya.dar292@example.com,Best Project
harsh.keer293@example.com,Best Project
krishna.sur294@example.com,Best Project
mohini.ratti295@example.com,Best Project
hema.karan296@example.com,Best Project
rachita.saha297@example.com,Best Project
peter.raja298@example.com,Best Project
devansh.kade299@example.com,Best Project
rajeshri.gopal300@example.com,Best Project
nikita.seth301@example.com,Best Project
reyansh.narang302@example.com,Best Project
advay.peri303@example.com,Best Project
gauri.luthra304@example.com,Best Project
pratyush.d’alia305@example.com,Best Project
pooja.pillay306@example.com,Best Project
kamya.sawhney307@example.com,Best Project
indali.talwar308@example.com,Best Project
oeshi.modi309@example.com,Best Project
gautam.rastogi310@example.com,Best Project
abhimanyu.subramaniam311@example.com,Best Project
vamakshi.mand312@example.com,Best Project
vamakshi.toor313@example.com,Best Project
praneel.deshpande314@example.com,Best Project
raksha.mahal315@example.com,Best Project
mekhala.bala316@example.com,Best Project
ekalinga.bir317@example.com,Best Project
jacob.madan318@example.com,Best Project
isha.suri319@example.com,Best Project
jagat.muni320@example.com,Best Project
ranveer.bakshi321@example.com,Best Project
ridhi.bora322@example.com,Best Project
jagdish.lalla323@example.com,Best Project
hredhaan.dhar324@example.com,Best Project
gaurika.aggarwal325@example.com,Best Project
jagvi.nigam326@example.com,Best Project
sneha.kunda327@example.com,Best Project
zehaan.dutta328@example.com,Best Project
girish.murty329@example.com,Best Project
rajata.pau330@example.com,Best Project
saksham.deol331@example.com,Best Project
logan.keer332@example.com,Best Project
harshil.chadha333@example.com,Best Project
mugdha.tank334@example.com,Best Project
vasana.bail335@example.com,Best Project
chaitanya.pandey336@example.com,Best Project
sneha.chada337@example.com,Best Project
suhani.pai338@example.com,Best Project
bhanumati.din339@example.com,Best Project
joshua.bhat340@example.com,Best Project
zayyan.narula341@example.com,Best Project
chameli.warrior342@example.com,Best Project
aarav.bose343@example.com,Best Project
bhavya.kuruvilla344@example.com,Best Project
ishani.sahota345@example.com,Best Project
bhanumati.halder346@example.com,Best Project
gauri.gupta347@example.com,Best Project
lucky.nigam348@example.com,Best Project
tanmayi.sandhu349@example.com,Best Project
dayamai.arya350@example.com,Best Project
keya.jha351@example.com,Best Project
vincent.sundaram352@example.com,Best Project
alexander.gola353@example.com,Best Project
shaurya.verma354@example.com,Best Project
vansha.sami355@example.com,Best Project
siddharth.nair356@example.com,Best Project
bhavna.mohanty357@example.com,Best Project
bhavini.acharya358@example.com,Best Project
harinakshi.das359@example.com,Best Project
anvi.raju360@example.com,Best Project
garima.mand361@example.com,Best Project
sachi.kalla362@example.com,Best Project
tanay.bhargava363@example.com,Best Project
aadi.kunda364@example.com,Best Project
jonathan.nadig365@example.com,Best Project
jonathan.manne366@example.com,Best Project
anmol.date367@example.com,Best Project
yug.deo368@example.com,Best Project
adya.anand369@example.com,Best Project
vritti.krishnan370@example.com,Best Project
gaurav.bava371@example.com,Best Project
rajata.chakraborty372@example.com,Best Project
nirja.bakshi373@example.com,Best Project
orinder.chana374@example.com,Best Project
anirudh.kanda375@example.com,Best Project
ishita.prasad376@example.com,Best Project
hemang.varty377@example.com,Best Project
aarini.hayre378@example.com,Best Project
eiravati.doctor379@example.com,Best Project
charita.bhagat380@example.com,Best Project
vrinda.sabharwal381@example.com,Best Project
libni.rai382@example.com,Best Project
meera.bhatnagar383@example.com,Best Project
chakradhar.sheth384@example.com,Best Project
hemani.bhatnagar385@example.com,Best Project
nimrat.mutti386@example.com,Best Project
osha.lalla387@example.com,Best Project
amara.keer388@example.com,Best Project
falak.hegde389@example.com,Best Project
chakradev.sarma390@example.com,Best Project
isaac.biswas391@example.com,Best Project
nilima.luthra392@example.com,Best Project
nidhi.dora393@example.com,Best Project
qasim.shankar394@example.com,Best Project
yamini.soman395@example.com,Best Project
utkarsh.goel396@example.com,Best Project
ekaraj.deo397@example.com,Best Project
vyanjana.goyal398@example.com,Best Project
kritika.dubey399@example.com,Best Project
kashish.lata400@example.com,Best Project
ayushman.majumdar401@example.com,Best Project
jairaj.bhatti402@example.com,Best Project
qushi.chhabra403@example.com,Best Project
avi.sahni404@example.com,Best Project
yuvraj.sabharwal405@example.com,Best Project
om.anne406@example.com,Best Project
warjas.ranganathan407@example.com,Best Project
maya.contractor408@example.com,Best Project
eesha.ben409@example.com,Best Project
varsha.golla410@example.com,Best Project
yashoda.kota411@example.com,Best Project
advay.tank412@example.com,Best Project
meghana.batra413@example.com,Best Project
mahika.krish414@example.com,Best Project
onveer.varty415@example.com,Best Project
ganga.patla416@example.com,Best Project
harrison.din417@example.com,Best Project
yahvi.dyal418@example.com,Best Project
manbir.chana419@example.com,Best Project
vivaan.mitter420@example.com,Best Project
max.more421@example.com,Best Project
yahvi.raju422@example.com,Best Project
keya.dave423@example.com,Best Project
nidra.prakash424@example.com,Best Project
meera.natarajan425@example.com,Best Project
chanakya.sodhi426@example.com,Best Project
falak.upadhyay427@example.com,Best Project
arya.saini428@example.com,Best Project
dalbir.viswanathan429@example.com,Best Project
rudra.pandya430@example.com,Best Project
vedhika.pant431@example.com,Best Project
nidhi.krishna432@example.com,Best Project
darika.malhotra433@example.com,Best Project
kiaan.venkatesh434@example.com,Best Project
avi.palan435@example.com,Best Project
vaishnavi.deshpande436@example.com,Best Project
jagdish.shan437@example.com,Best Project
dakshesh.dhingra438@example.com,Best Project
aadhya.thakur439@example.com,Best Project
anvi.shukla440@example.com,Best Project
hema.prashad441@example.com,Best Project
chasmum.lanka442@example.com,Best Project
samarth.sethi443@example.com,Best Project
lakshmi.banik444@example.com,Best Project
harini.prabhakar445@example.com,Best Project
yamini.manne446@example.com,Best Project
ansh.behl447@example.com,Best Project
liam.gupta448@example.com,Best Project
leela.mohan449@example.com,Best Project
pahal.andra450@example.com,Best Project
darsh.aggarwal451@example.com,Best Project
siya.gaba452@example.com,Best Project
shivansh.sathe453@example.com,Best Project
daksha.sane454@example.com,Best Project
upasna.minhas455@example.com,Best Project
sanya.mutti456@example.com,Best Project
rudra.deol457@example.com,Best Project
osha.soni458@example.com,Best Project
manthan.dasgupta459@example.com,Best Project
dalaja.ahuja460@example.com,Best Project
inaya.vora461@example.com,Best Project
jagdish.radhakrishnan462@example.com,Best Project
anya.kashyap463@example.com,Best Project
anvi.bajaj464@example.com,Best Project
vedika.trivedi465@example.com,Best Project
harrison.mandal466@example.com,Best Project
matthew.raman467@example.com,Best Project
urvashi.kibe468@example.com,Best Project
jhalak.sankaran469@example.com,Best Project
gagan.babu470@example.com,Best Project
qadim.banerjee471@example.com,Best Project
jackson.narayanan472@example.com,Best Project
aradhana.dhar473@example.com,Best Project
qadim.bath474@example.com,Best Project
chandani.hayer475@example.com,Best Project
aadhya.gopal476@example.com,Best Project
dipta.mander477@example.com,Best Project
ekapad.radhakrishnan478@example.com,Best Project
arunima.sankar479@example.com,Best Project
yutika.sandhu480@example.com,Best Project
ekapad.ramachandran481@example.com,Best Project
abha.talwar482@example.com,Best Project
warda.mohanty483@example.com,Best Project
ikshita.bir484@example.com,Best Project
fitan.palla485@example.com,Best Project
mugdha.ramachandran486@example.com,Best Project
arya.sunder487@example.com,Best Project
abha.grover488@example.com,Best Project
noah.agate489@example.com,Best Project
kamya.gour490@example.com,Best Project
vivaan.shanker491@example.com,Best Project
vritti.de492@example.com,Best Project
mohini.bal493@example.com,Best Project
akshay.pandey494@example.com,Best Project
amrita.anne495@example.com,Best Project
aradhana.more496@example.com,Best Project
sanya.ram497@example.com,Best Project
hemang.goyal498@example.com,Best Project
fariq.nayak499@example.com,Best Project
