student_email,preferred_role,preferred_location
thomas.kapadia0@example.com,Software Engineer,Bangalore
ekaraj.uppal1@example.com,Software Engineer,Bangalore
aadhya.zachariah2@example.com,Software Engineer,Bangalore
samarth.grewal3@example.com,Software Engineer,Bangalore
gayathri.shan4@example.com,Software Engineer,Bangalore
janya.maharaj5@example.com,Software Engineer,Bangalore
keya.dey6@example.com,Software Engineer,Bangalore
yashvi.nadkarni7@example.com,Software Engineer,Bangalore
faris.doshi8@example.com,Software Engineer,Bangalore
liam.atwal9@example.com,Software Engineer,Bangalore
ansh.murty10@example.com,Software Engineer,Bangalore
pooja.divan11@example.com,Software Engineer,Bangalore
chanakya.lala12@example.com,Software Engineer,Bangalore
ubika.kumer13@example.com,Software Engineer,Bangalore
anthony.mukhopadhyay14@example.com,Software Engineer,Bangalore
rehaan.krishnamurthy15@example.com,Software Engineer,Bangalore
isaac.lad16@example.com,Software Engineer,Bangalore
charita.mutti17@example.com,Software Engineer,Bangalore
yuvraj.modi18@example.com,Software Engineer,Bangalore
upkaar.devan19@example.com,Software Engineer,Bangalore
indira.seth20@example.com,Software Engineer,Bangalore
waida.doshi21@example.com,Software Engineer,Bangalore
panini.konda22@example.com,Software Engineer,Bangalore
sathvik.rao23@example.com,Software Engineer,Bangalore
oscar.karpe24@example.com,Software Engineer,Bangalore
agastya.suresh25@example.com,Software Engineer,Bangalore
umang.dani26@example.com,Software Engineer,Bangalore
mohammed.parsa27@example.com,Software Engineer,Bangalore
vasudha.lalla28@example.com,Software Engineer,Bangalore
siya.patla29@example.com,Software Engineer,Bangalore
leela.master30@example.com,Software Engineer,Bangalore
omkaar.vora31@example.com,Software Engineer,Bangalore
manbir.mitra32@example.com,Software Engineer,Bangalore
brijesh.nagy33@example.com,Software Engineer,Bangalore
akshay.sur34@example.com,Software Engineer,Bangalore
ryan.tank35@example.com,Software Engineer,Bangalore
geetika.merchant36@example.com,Software Engineer,Bangalore
abhimanyu.gara37@example.com,Software Engineer,Bangalore
ubika.gola38@example.com,Software Engineer,Bangalore
harrison.dugar39@example.com,Software Engineer,Bangalore
saumya.gour40@example.com,Software Engineer,Bangalore
hema.hayre41@example.com,Software Engineer,Bangalore
lipika.parsa42@example.com,Software Engineer,Bangalore
aarush.sur43@example.com,Software Engineer,Bangalore
baljiwan.goswami44@example.com,Software Engineer,Bangalore
vedhika.banik45@example.com,Software Engineer,Bangalore
ayaan.chahal46@example.com,Software Engineer,Bangalore
hemani.rout47@example.com,Software Engineer,Bangalore
michael.dara48@example.com,Software Engineer,Bangalore
jairaj.rajan49@example.com,Software Engineer,Bangalore
chanakya.bhardwaj50@example.com,Software Engineer,Bangalore
ekalinga.contractor51@example.com,Software Engineer,Bangalore
ethan.balasubramanian52@example.com,Software Engineer,Bangalore
zayyan.sur53@example.com,Software Engineer,Bangalore
pallavi.prabhakar54@example.com,Software Engineer,Bangalore
wazir.deshpande55@example.com,Software Engineer,Bangalore
ojas.mannan56@example.com,Software Engineer,Bangalore
indali.dave57@example.com,Software Engineer,Bangalore
amara.sarin58@example.com,Software Engineer,Bangalore
hardik.kota59@example.com,Software Engineer,Bangalore
onkar.bhavsar60@example.com,Software Engineer,Bangalore
siddharth.barad61@example.com,Software Engineer,Bangalore
bhavika.radhakrishnan62@example.com,Software Engineer,Bangalore
ethan.gala63@example.com,Software Engineer,Bangalore
bimala.suresh64@example.com,Software Engineer,Bangalore
chanchal.manda65@example.com,Software Engineer,Bangalore
gaurangi.banerjee66@example.com,Software Engineer,Bangalore
aashi.nayak67@example.com,Software Engineer,Bangalore
eta.mander68@example.com,Software Engineer,Bangalore
ayush.jani69@example.com,Software Engineer,Bangalore
chavvi.kade70@example.com,Software Engineer,Bangalore
veda.brar71@example.com,Software Engineer,Bangalore
arjun.bandi72@example.com,Software Engineer,Bangalore
varenya.prabhakar73@example.com,Software Engineer,Bangalore
tanish.kaul74@example.com,Software Engineer,Bangalore
tamanna.bhat75@example.com,Software Engineer,Bangalore
chameli.parmer76@example.com,Software Engineer,Bangalore
ganga.bava77@example.com,Software Engineer,Bangalore
balendra.raman78@example.com,Software Engineer,Bangalore
rehaan.khurana79@example.com,Software Engineer,Bangalore
darika.taneja80@example.com,Software Engineer,Bangalore
timothy.kala81@example.com,Software Engineer,Bangalore
vinaya.wason82@example.com,Software Engineer,Bangalore
turvi.borde83@example.com,Software Engineer,Bangalore
henry.gopal84@example.com,Software Engineer,Bangalore
sai.prabhu85@example.com,Software Engineer,Bangalore
victor.upadhyay86@example.com,Software Engineer,Bangalore
falan.dalal87@example.com,Software Engineer,Bangalore
neelima.datta88@example.com,Software Engineer,Bangalore
oeshi.pathak89@example.com,Software Engineer,Bangalore
chanchal.dora90@example.com,Software Engineer,Bangalore
finn.master91@example.com,Software Engineer,Bangalore
timothy.kaul92@example.com,Software Engineer,Bangalore
wyatt.batra93@example.com,Software Engineer,Bangalore
chaaya.shenoy94@example.com,Software Engineer,Bangalore
lopa.parmer95@example.com,Software Engineer,Bangalore
matthew.raju96@example.com,Software Engineer,Bangalore
abdul.upadhyay97@example.com,Software Engineer,Bangalore
abhiram.wadhwa98@example.com,Software Engineer,Bangalore
ubika.sankaran99@example.com,Software Engineer,Bangalore
ekiya.jhaveri100@example.com,Software Engineer,Bangalore
yasti.krish101@example.com,Software Engineer,Bangalore
anita.dhillon102@example.com,Software Engineer,Bangalore
hema.rastogi103@example.com,Software Engineer,Bangalore
suhani.dutt104@example.com,Software Engineer,Bangalore
gautam.kari105@example.com,Software Engineer,Bangalore
eta.prabhu106@example.com,Software Engineer,Bangalore
avni.sinha107@example.com,Software Engineer,Bangalore
onveer.hayer108@example.com,Software Engineer,Bangalore
praneel.ganesan109@example.com,Software Engineer,Bangalore
rudra.kala110@example.com,Software Engineer,Bangalore
hardik.buch111@example.com,Software Engineer,Bangalore
irya.wadhwa112@example.com,Software Engineer,Bangalore
xiti.vora113@example.com,Software Engineer,Bangalore
divya.sridhar114@example.com,Software Engineer,Bangalore
gunbir.dyal115@example.com,Software Engineer,Bangalore
warinder.kant116@example.com,Software Engineer,Bangalore
chanakya.batra117@example.com,Software Engineer,Bangalore
ayushman.bhatia118@example.com,Software Engineer,Bangalore
mohammed.sachdeva119@example.com,Software Engineer,Bangalore
chanchal.acharya120@example.com,Software Engineer,Bangalore
dayita.bhalla121@example.com,Software Engineer,Bangalore
krisha.apte122@example.com,Software Engineer,Bangalore
radhika.nair123@example.com,Software Engineer,Bangalore
agastya.padmanabhan124@example.com,Software Engineer,Bangalore
pratyush.kalita125@example.com,Software Engineer,Bangalore
pranav.jain126@example.com,Software Engineer,Bangalore
urvashi.bansal127@example.com,Software Engineer,Bangalore
indali.bains128@example.com,Software Engineer,Bangalore
anusha.anne129@example.com,Software Engineer,Bangalore
pushti.jha130@example.com,Software Engineer,Bangalore
anmol.narasimhan131@example.com,Software Engineer,Bangalore
ryan.dhar132@example.com,Software Engineer,Bangalore
brinda.dara133@example.com,Software Engineer,Bangalore
divya.salvi134@example.com,Software Engineer,Bangalore
farhan.comar135@example.com,Software Engineer,Bangalore
lajita.minhas136@example.com,Software Engineer,Bangalore
widisha.gole137@example.com,Software Engineer,Bangalore
rehaan.padmanabhan138@example.com,Software Engineer,Bangalore
eta.magar139@example.com,Software Engineer,Bangalore
sanaya.khurana140@example.com,Software Engineer,Bangalore
panini.parmar141@example.com,Software Engineer,Bangalore
vaishnavi.kala142@example.com,Software Engineer,Bangalore
bhavini.nagy143@example.com,Software Engineer,Bangalore
bhavika.banik144@example.com,Software Engineer,Bangalore
xalak.madan145@example.com,Software Engineer,Bangalore
gayathri.bose146@example.com,Software Engineer,Bangalore
dipta.khanna147@example.com,Software Engineer,Bangalore
nilima.merchant148@example.com,Software Engineer,Bangalore
viraj.sama149@example.com,Software Engineer,Bangalore
chaitanya.basu150@example.com,Software Engineer,Bangalore
ojasvi.dugar151@example.com,Software Engineer,Bangalore
champak.padmanabhan152@example.com,Software Engineer,Bangalore
vihaan.balay153@example.com,Software Engineer,Bangalore
darpan.mutti154@example.com,Software Engineer,Bangalore
zinal.trivedi155@example.com,Software Engineer,Bangalore
lakshit.kadakia156@example.com,Software Engineer,Bangalore
yauvani.chaudhry157@example.com,Software Engineer,Bangalore
aarna.patla158@example.com,Software Engineer,Bangalore
keya.natarajan159@example.com,Software Engineer,Bangalore
forum.bala160@example.com,Software Engineer,Bangalore
wahab.murthy161@example.com,Software Engineer,Bangalore
aadi.warrior162@example.com,Software Engineer,Bangalore
kashvi.rastogi163@example.com,Software Engineer,Bangalore
azaan.issac164@example.com,Software Engineer,Bangalore
ganga.das165@example.com,Software Engineer,Bangalore
nisha.thakur166@example.com,Software Engineer,Bangalore
eesha.kalla167@example.com,Software Engineer,Bangalore
ekansh.comar168@example.com,Software Engineer,Bangalore
shivansh.bains169@example.com,Software Engineer,Bangalore
tejas.wason170@example.com,Software Engineer,Bangalore
maya.sengupta171@example.com,Software Engineer,Bangalore
falan.malhotra172@example.com,Software Engineer,Bangalore
pahal.raju173@example.com,Software Engineer,Bangalore
balveer.jani174@example.com,Software Engineer,Bangalore
ayaan.kapoor175@example.com,Software Engineer,Bangalore
kritika.pall176@example.com,Software Engineer,Bangalore
lipika.bahri177@example.com,Software Engineer,Bangalore
xiti.sami178@example.com,Software Engineer,Bangalore
kashvi.kaur179@example.com,Software Engineer,Bangalore
rachita.sengupta180@example.com,Software Engineer,Bangalore
hritik.ben181@example.com,Software Engineer,Bangalore
balvan.sheth182@example.com,Software Engineer,Bangalore
balhaar.bala183@example.com,Software Engineer,Bangalore
guneet.cherian184@example.com,Software Engineer,Bangalore
parth.mani185@example.com,Software Engineer,Bangalore
raksha.raju186@example.com,Software Engineer,Bangalore
shivansh.kara187@example.com,Software Engineer,Bangalore
vrinda.kapoor188@example.com,Software Engineer,Bangalore
pavani.tak189@example.com,Software Engineer,Bangalore
zarna.rege190@example.com,Software Engineer,Bangalore
anjali.prasad191@example.com,Software Engineer,Bangalore
advay.bath192@example.com,Software Engineer,Bangalore
ojasvi.bumb193@example.com,Software Engineer,Bangalore
nitara.misra194@example.com,Software Engineer,Bangalore
onveer.ray195@example.com,Software Engineer,Bangalore
logan.johal196@example.com,Software Engineer,Bangalore
mitali.handa197@example.com,Software Engineer,Bangalore
benjamin.konda198@example.com,Software Engineer,Bangalore
bakhshi.lad199@example.com,Software Engineer,Bangalore
jagat.vyas200@example.com,Software Engineer,Bangalore
vedhika.singh201@example.com,Software Engineer,Bangalore
dakshesh.deshmukh202@example.com,Software Engineer,Bangalore
gaurika.borde203@example.com,Software Engineer,Bangalore
balhaar.kohli204@example.com,Software Engineer,Bangalore
jyoti.kapadia205@example.com,Software Engineer,Bangalore
ronith.sen206@example.com,Software Engineer,Bangalore
wahab.shroff207@example.com,Software Engineer,Bangalore
kala.shenoy208@example.com,Software Engineer,Bangalore
jalsa.chatterjee209@example.com,Software Engineer,Bangalore
jasmit.roy210@example.com,Software Engineer,Bangalore
aahana.misra211@example.com,Software Engineer,Bangalore
priya.vala212@example.com,Software Engineer,Bangalore
suhani.goswami213@example.com,Software Engineer,Bangalore
faras.pal214@example.com,Software Engineer,Bangalore
jonathan.balay215@example.com,Software Engineer,Bangalore
chatura.nagar216@example.com,Software Engineer,Bangalore
zarna.contractor217@example.com,Software Engineer,Bangalore
damyanti.keer218@example.com,Software Engineer,Bangalore
irya.walia219@example.com,Software Engineer,Bangalore
patrick.subramaniam220@example.com,Software Engineer,Bangalore
vrinda.vaidya221@example.com,Software Engineer,Bangalore
elijah.handa222@example.com,Software Engineer,Bangalore
benjamin.pandit223@example.com,Software Engineer,Bangalore
balvan.kannan224@example.com,Software Engineer,Bangalore
kevin.bhandari225@example.com,Software Engineer,Bangalore
dhriti.nayar226@example.com,Software Engineer,Bangalore
arunima.bajwa227@example.com,Software Engineer,Bangalore
omaja.tella228@example.com,Software Engineer,Bangalore
charita.gara229@example.com,Software Engineer,Bangalore
upma.kumar230@example.com,Software Engineer,Bangalore
ojasvi.aggarwal231@example.com,Software Engineer,Bangalore
dalbir.ram232@example.com,Software Engineer,Bangalore
raagini.mitra233@example.com,Software Engineer,Bangalore
inaya.bumb234@example.com,Software Engineer,Bangalore
pratyush.batra235@example.com,Software Engineer,Bangalore
chasmum.sengupta236@example.com,Software Engineer,Bangalore
janani.chatterjee237@example.com,Software Engineer,Bangalore
pavani.lata238@example.com,Software Engineer,Bangalore
omkaar.bawa239@example.com,Software Engineer,Bangalore
deepa.palla240@example.com,Software Engineer,Bangalore
tamanna.walia241@example.com,Software Engineer,Bangalore
rachita.mangal242@example.com,Software Engineer,Bangalore
urvi.bath243@example.com,Software Engineer,Bangalore
charvi.mand244@example.com,Software Engineer,Bangalore
omya.chaudhry245@example.com,Software Engineer,Bangalore
caleb.loyal246@example.com,Software Engineer,Bangalore
samesh.kala247@example.com,Software Engineer,Bangalore
krish.bains248@example.com,Software Engineer,Bangalore
ijaya.gala249@example.com,Software Engineer,Bangalore
rishi.radhakrishnan250@example.com,Software Engineer,Bangalore
pooja.natt251@example.com,Software Engineer,Bangalore
vanya.ranganathan252@example.com,Software Engineer,Bangalore
zinal.hayer253@example.com,Software Engineer,Bangalore
om.salvi254@example.com,Software Engineer,Bangalore
luke.chakrabarti255@example.com,Software Engineer,Bangalore
chatresh.nigam256@example.com,Software Engineer,Bangalore
vincent.chada257@example.com,Software Engineer,Bangalore
ekiya.singhal258@example.com,Software Engineer,Bangalore
timothy.sibal259@example.com,Software Engineer,Bangalore
kashish.ghosh260@example.com,Software Engineer,Bangalore
alexander.rastogi261@example.com,Software Engineer,Bangalore
adweta.choudhry262@example.com,Software Engineer,Bangalore
devika.chana263@example.com,Software Engineer,Bangalore
harsh.shanker264@example.com,Software Engineer,Bangalore
alka.date265@example.com,Software Engineer,Bangalore
samesh.natt266@example.com,Software Engineer,Bangalore
yashoda.nagi267@example.com,Software Engineer,Bangalore
michael.keer268@example.com,Software Engineer,Bangalore
jeremiah.batta269@example.com,Software Engineer,Bangalore
yashoda.dugar270@example.com,Software Engineer,Bangalore
william.rastogi271@example.com,Software Engineer,Bangalore
yamini.grover272@example.com,Software Engineer,Bangalore
barkha.kohli273@example.com,Software Engineer,Bangalore
ekbal.pradhan274@example.com,Software Engineer,Bangalore
upma.borah275@example.com,Software Engineer,Bangalore
banjeet.kara276@example.com,Software Engineer,Bangalore
deepa.dhillon277@example.com,Software Engineer,Bangalore
sai.mall278@example.com,Software Engineer,Bangalore
shivani.lata279@example.com,Software Engineer,Bangalore
madhav.master280@example.com,Software Engineer,Bangalore
jagvi.gole281@example.com,Software Engineer,Bangalore
vihaan.subramanian282@example.com,Software Engineer,Bangalore
vincent.comar283@example.com,Software Engineer,Bangalore
suhani.vyas284@example.com,Software Engineer,Bangalore
vritti.raja285@example.com,Software Engineer,Bangalore
ekta.badami286@example.com,Software Engineer,Bangalore
samar.sha287@example.com,Software Engineer,Bangalore
varsha.ben288@example.com,Software Engineer,Bangalore
jack.barman289@example.com,Software Engineer,Bangalore
bimala.om290@example.com,Software Engineer,Bangalore
yashawini.ben291@example.com,Software Engineer,Bangalore
saumya.dar292@example.com,Software Engineer,Bangalore
harsh.keer293@example.com,Software Engineer,Bangalore
krishna.sur294@example.com,Software Engineer,Bangalore
mohini.ratti295@example.com,Software Engineer,Bangalore
hema.karan296@example.com,Software Engineer,Bangalore
rachita.saha297@example.com,Software Engineer,Bangalore
peter.raja298@example.com,Software Engineer,Bangalore
devansh.kade299@example.com,Software Engineer,Bangalore
rajeshri.gopal300@example.com,Software Engineer,Bangalore
nikita.seth301@example.com,Software Engineer,Bangalore
reyansh.narang302@example.com,Software Engineer,Bangalore
advay.peri303@example.com,Software Engineer,Bangalore
gauri.luthra304@example.com,Software Engineer,Bangalore
pratyush.d’alia305@example.com,Software Engineer,Bangalore
pooja.pillay306@example.com,Software Engineer,Bangalore
kamya.sawhney307@example.com,Software Engineer,Bangalore
indali.talwar308@example.com,Software Engineer,Bangalore
oeshi.modi309@example.com,Software Engineer,Bangalore
gautam.rastogi310@example.com,Software Engineer,Bangalore
abhimanyu.subramaniam311@example.com,Software Engineer,Bangalore
vamakshi.mand312@example.com,Software Engineer,Bangalore
vamakshi.toor313@example.com,Software Engineer,Bangalore
praneel.deshpande314@example.com,Software Engineer,Bangalore
raksha.mahal315@example.com,Software Engineer,Bangalore
mekhala.bala316@example.com,Software Engineer,Bangalore
ekalinga.bir317@example.com,Software Engineer,Bangalore
jacob.madan318@example.com,Software Engineer,Bangalore
isha.suri319@example.com,Software Engineer,Bangalore
jagat.muni320@example.com,Software Engineer,Bangalore
ranveer.bakshi321@example.com,Software Engineer,Bangalore
ridhi.bora322@example.com,Software Engineer,Bangalore
jagdish.lalla323@example.com,Software Engineer,Bangalore
hredhaan.dhar324@example.com,Software Engineer,Bangalore
gaurika.aggarwal325@example.com,Software Engineer,Bangalore
jagvi.nigam326@example.com,Software Engineer,Bangalore
sneha.kunda327@example.com,Software Engineer,Bangalore
zehaan.dutta328@example.com,Software Engineer,Bangalore
girish.murty329@example.com,Software Engineer,Bangalore
rajata.pau330@example.com,Software Engineer,Bangalore
saksham.deol331@example.com,Software Engineer,Bangalore
logan.keer332@example.com,Software Engineer,Bangalore
harshil.chadha333@example.com,Software Engineer,Bangalore
mugdha.tank334@example.com,Software Engineer,Bangalore
vasana.bail335@example.com,Software Engineer,Bangalore
chaitanya.pandey336@example.com,Software Engineer,Bangalore
sneha.chada337@example.com,Software Engineer,Bangalore
suhani.pai338@example.com,Software Engineer,Bangalore
bhanumati.din339@example.com,Software Engineer,Bangalore
joshua.bhat340@example.com,Software Engineer,Bangalore
zayyan.narula341@example.com,Software Engineer,Bangalore
chameli.warrior342@example.com,Software Engineer,Bangalore
aarav.bose343@example.com,Software Engineer,Bangalore
bhavya.kuruvilla344@example.com,Software Engineer,Bangalore
ishani.sahota345@example.com,Software Engineer,Bangalore
bhanumati.halder346@example.com,Software Engineer,Bangalore
gauri.gupta347@example.com,Software Engineer,Bangalore
lucky.nigam348@example.com,Software Engineer,Bangalore
tanmayi.sandhu349@example.com,Software Engineer,Bangalore
dayamai.arya350@example.com,Software Engineer,Bangalore
keya.jha351@example.com,Software Engineer,Bangalore
vincent.sundaram352@example.com,Software Engineer,Bangalore
alexander.gola353@example.com,Software Engineer,Bangalore
shaurya.verma354@example.com,Software Engineer,Bangalore
vansha.sami355@example.com,Software Engineer,Bangalore
siddharth.nair356@example.com,Software Engineer,Bangalore
bhavna.mohanty357@example.com,Software Engineer,Bangalore
bhavini.acharya358@example.com,Software Engineer,Bangalore
harinakshi.das359@example.com,Software Engineer,Bangalore
anvi.raju360@example.com,Software Engineer,Bangalore
garima.mand361@example.com,Software Engineer,Bangalore
sachi.kalla362@example.com,Software Engineer,Bangalore
tanay.bhargava363@example.com,Software Engineer,Bangalore
aadi.kunda364@example.com,Software Engineer,Bangalore
jonathan.nadig365@example.com,Software Engineer,Bangalore
jonathan.manne366@example.com,Software Engineer,Bangalore
anmol.date367@example.com,Software Engineer,Bangalore
yug.deo368@example.com,Software Engineer,Bangalore
adya.anand369@example.com,Software Engineer,Bangalore
vritti.krishnan370@example.com,Software Engineer,Bangalore
gaurav.bava371@example.com,Software Engineer,Bangalore
rajata.chakraborty372@example.com,Software Engineer,Bangalore
nirja.bakshi373@example.com,Software Engineer,Bangalore
orinder.chana374@example.com,Software Engineer,Bangalore
anirudh.kanda375@example.com,Software Engineer,Bangalore
ishita.prasad376@example.com,Software Engineer,Bangalore
hemang.varty377@example.com,Software Engineer,Bangalore
aarini.hayre378@example.com,Software Engineer,Bangalore
eiravati.doctor379@example.com,Software Engineer,Bangalore
charita.bhagat380@example.com,Software Engineer,Bangalore
vrinda.sabharwal381@example.com,Software Engineer,Bangalore
libni.rai382@example.com,Software Engineer,Bangalore
meera.bhatnagar383@example.com,Software Engineer,Bangalore
chakradhar.sheth384@example.com,Software Engineer,Bangalore
hemani.bhatnagar385@example.com,Software Engineer,Bangalore
nimrat.mutti386@example.com,Software Engineer,Bangalore
osha.lalla387@example.com,Software Engineer,Bangalore
amara.keer388@example.com,Software Engineer,Bangalore
falak.hegde389@example.com,Software Engineer,Bangalore
chakradev.sarma390@example.com,Software Engineer,Bangalore
isaac.biswas391@example.com,Software Engineer,Bangalore
nilima.luthra392@example.com,Software Engineer,Bangalore
nidhi.dora393@example.com,Software Engineer,Bangalore
qasim.shankar394@example.com,Software Engineer,Bangalore
yamini.soman395@example.com,Software Engineer,Bangalore
utkarsh.goel396@example.com,Software Engineer,Bangalore
ekaraj.deo397@example.com,Software Engineer,Bangalore
vyanjana.goyal398@example.com,Software Engineer,Bangalore
kritika.dubey399@example.com,Software Engineer,Bangalore
kashish.lata400@example.com,Software Engineer,Bangalore
ayushman.majumdar401@example.com,Software Engineer,Bangalore
jairaj.bhatti402@example.com,Software Engineer,Bangalore
qushi.chhabra403@example.com,Software Engineer,Bangalore
avi.sahni404@example.com,Software Engineer,Bangalore
yuvraj.sabharwal405@example.com,Software Engineer,Bangalore
om.anne406@example.com,Software Engineer,Bangalore
warjas.ranganathan407@example.com,Software Engineer,Bangalore
maya.contractor408@example.com,Software Engineer,Bangalore
eesha.ben409@example.com,Software Engineer,Bangalore
varsha.golla410@example.com,Software Engineer,Bangalore
yashoda.kota411@example.com,Software Engineer,Bangalore
advay.tank412@example.com,Software Engineer,Bangalore
meghana.batra413@example.com,Software Engineer,Bangalore
mahika.krish414@example.com,Software Engineer,Bangalore
onveer.varty415@example.com,Software Engineer,Bangalore
ganga.patla416@example.com,Software Engineer,Bangalore
harrison.din417@example.com,Software Engineer,Bangalore
yahvi.dyal418@example.com,Software Engineer,Bangalore
manbir.chana419@example.com,Software Engineer,Bangalore
vivaan.mitter420@example.com,Software Engineer,Bangalore
max.more421@example.com,Software Engineer,Bangalore
yahvi.raju422@example.com,Software Engineer,Bangalore
keya.dave423@example.com,Software Engineer,Bangalore
nidra.prakash424@example.com,Software Engineer,Bangalore
meera.natarajan425@example.com,Software Engineer,Bangalore
chanakya.sodhi426@example.com,Software Engineer,Bangalore
falak.upadhyay427@example.com,Software Engineer,Bangalore
arya.saini428@example.com,Software Engineer,Bangalore
dalbir.viswanathan429@example.com,Software Engineer,Bangalore
rudra.pandya430@example.com,Software Engineer,Bangalore
vedhika.pant431@example.com,Software Engineer,Bangalore
nidhi.krishna432@example.com,Software Engineer,Bangalore
darika.malhotra433@example.com,Software Engineer,Bangalore
kiaan.venkatesh434@example.com,Software Engineer,Bangalore
avi.palan435@example.com,Software Engineer,Bangalore
vaishnavi.deshpande436@example.com,Software Engineer,Bangalore
jagdish.shan437@example.com,Software Engineer,Bangalore
dakshesh.dhingra438@example.com,Software Engineer,Bangalore
aadhya.thakur439@example.com,Software Engineer,Bangalore
anvi.shukla440@example.com,Software Engineer,Bangalore
hema.prashad441@example.com,Software Engineer,Bangalore
chasmum.lanka442@example.com,Software Engineer,Bangalore
samarth.sethi443@example.com,Software Engineer,Bangalore
lakshmi.banik444@example.com,Software Engineer,Bangalore
harini.prabhakar445@example.com,Software Engineer,Bangalore
yamini.manne446@example.com,Software Engineer,Bangalore
ansh.behl447@example.com,Software Engineer,Bangalore
liam.gupta448@example.com,Software Engineer,Bangalore
leela.mohan449@example.com,Software Engineer,Bangalore
pahal.andra450@example.com,Software Engineer,Bangalore
darsh.aggarwal451@example.com,Software Engineer,Bangalore
siya.gaba452@example.com,Software Engineer,Bangalore
shivansh.sathe453@example.com,Software Engineer,Bangalore
daksha.sane454@example.com,Software Engineer,Bangalore
upasna.minhas455@example.com,Software Engineer,Bangalore
sanya.mutti456@example.com,Software Engineer,Bangalore
rudra.deol457@example.com,Software Engineer,Bangalore
osha.soni458@example.com,Software Engineer,Bangalore
manthan.dasgupta459@example.com,Software Engineer,Bangalore
dalaja.ahuja460@example.com,Software Engineer,Bangalore
inaya.vora461@example.com,Software Engineer,Bangalore
jagdish.radhakrishnan462@example.com,Software Engineer,Bangalore
anya.kashyap463@example.com,Software Engineer,Bangalore
anvi.bajaj464@example.com,Software Engineer,Bangalore
vedika.trivedi465@example.com,Software Engineer,Bangalore
harrison.mandal466@example.com,Software Engineer,Bangalore
matthew.raman467@example.com,Software Engineer,Bangalore
urvashi.kibe468@example.com,Software Engineer,Bangalore
jhalak.sankaran469@example.com,Software Engineer,Bangalore
gagan.babu470@example.com,Software Engineer,Bangalore
qadim.banerjee471@example.com,Software Engineer,Bangalore
jackson.narayanan472@example.com,Software Engineer,Bangalore
aradhana.dhar473@example.com,Software Engineer,Bangalore
qadim.bath474@example.com,Software Engineer,Bangalore
chandani.hayer475@example.com,Software Engineer,Bangalore
aadhya.gopal476@example.com,Software Engineer,Bangalore
dipta.mander477@example.com,Software Engineer,Bangalore
ekapad.radhakrishnan478@example.com,Software Engineer,Bangalore
arunima.sankar479@example.com,Software Engineer,Bangalore
yutika.sandhu480@example.com,Software Engineer,Bangalore
ekapad.ramachandran481@example.com,Software Engineer,Bangalore
abha.talwar482@example.com,Software Engineer,Bangalore
warda.mohanty483@example.com,Software Engineer,Bangalore
ikshita.bir484@example.com,Software Engineer,Bangalore
fitan.palla485@example.com,Software Engineer,Bangalore
mugdha.ramachandran486@example.com,Software Engineer,Bangalore
arya.sunder487@example.com,Software Engineer,Bangalore
abha.grover488@example.com,Software Engineer,Bangalore
noah.agate489@example.com,Software Engineer,Bangalore
kamya.gour490@example.com,Software Engineer,Bangalore
vivaan.shanker491@example.com,Software Engineer,Bangalore
vritti.de492@example.com,Software Engineer,Bangalore
mohini.bal493@example.com,Software Engineer,Bangalore
akshay.pandey494@example.com,Software Engineer,Bangalore
amrita.anne495@example.com,Software Engineer,Bangalore
aradhana.more496@example.com,Software Engineer,Bangalore
sanya.ram497@example.com,Software Engineer,Bangalore
hemang.goyal498@example.com,Software Engineer,Bangalore
fariq.nayak499@example.com,Software Engineer,Bangalore
