student_email,hackathon_name,position
thomas.kapadia0@example.com,SIH,Participant
ekaraj.uppal1@example.com,SIH,Participant
aadhya.zachariah2@example.com,SIH,Participant
samarth.grewal3@example.com,SIH,Participant
gayathri.shan4@example.com,SIH,Participant
janya.maharaj5@example.com,SIH,Participant
keya.dey6@example.com,SIH,Participant
yashvi.nadkarni7@example.com,SIH,Participant
faris.doshi8@example.com,SIH,Participant
liam.atwal9@example.com,SIH,Participant
ansh.murty10@example.com,SIH,Participant
pooja.divan11@example.com,SIH,Participant
chanakya.lala12@example.com,SIH,Participant
ubika.kumer13@example.com,SIH,Participant
anthony.mukhopadhyay14@example.com,SIH,Participant
rehaan.krishnamurthy15@example.com,SIH,Participant
isaac.lad16@example.com,SIH,Participant
charita.mutti17@example.com,SIH,Participant
yuvraj.modi18@example.com,SIH,Participant
upkaar.devan19@example.com,SIH,Participant
indira.seth20@example.com,SIH,Participant
waida.doshi21@example.com,SIH,Participant
panini.konda22@example.com,SIH,Participant
sathvik.rao23@example.com,SIH,Participant
oscar.karpe24@example.com,SIH,Participant
agastya.suresh25@example.com,SIH,Participant
umang.dani26@example.com,SIH,Participant
mohammed.parsa27@example.com,SIH,Participant
vasudha.lalla28@example.com,SIH,Participant
siya.patla29@example.com,SIH,Participant
leela.master30@example.com,SIH,Participant
omkaar.vora31@example.com,SIH,Participant
manbir.mitra32@example.com,SIH,Participant
brijesh.nagy33@example.com,SIH,Participant
akshay.sur34@example.com,SIH,Participant
ryan.tank35@example.com,SIH,Participant
geetika.merchant36@example.com,SIH,Participant
abhimanyu.gara37@example.com,SIH,Participant
ubika.gola38@example.com,SIH,Participant
harrison.dugar39@example.com,SIH,Participant
saumya.gour40@example.com,SIH,Participant
hema.hayre41@example.com,SIH,Participant
lipika.parsa42@example.com,SIH,Participant
aarush.sur43@example.com,SIH,Participant
baljiwan.goswami44@example.com,SIH,Participant
vedhika.banik45@example.com,SIH,Participant
ayaan.chahal46@example.com,SIH,Participant
hemani.rout47@example.com,SIH,Participant
michael.dara48@example.com,SIH,Participant
jairaj.rajan49@example.com,SIH,Participant
chanakya.bhardwaj50@example.com,SIH,Participant
ekalinga.contractor51@example.com,SIH,Participant
ethan.balasubramanian52@example.com,SIH,Participant
zayyan.sur53@example.com,SIH,Participant
pallavi.prabhakar54@example.com,SIH,Participant
wazir.deshpande55@example.com,SIH,Participant
ojas.mannan56@example.com,SIH,Participant
indali.dave57@example.com,SIH,Participant
amara.sarin58@example.com,SIH,Participant
hardik.kota59@example.com,SIH,Participant
onkar.bhavsar60@example.com,SIH,Participant
siddharth.barad61@example.com,SIH,Participant
bhavika.radhakrishnan62@example.com,SIH,Participant
ethan.gala63@example.com,SIH,Participant
bimala.suresh64@example.com,SIH,Participant
chanchal.manda65@example.com,SIH,Participant
gaurangi.banerjee66@example.com,SIH,Participant
aashi.nayak67@example.com,SIH,Participant
eta.mander68@example.com,SIH,Participant
ayush.jani69@example.com,SIH,Participant
chavvi.kade70@example.com,SIH,Participant
veda.brar71@example.com,SIH,Participant
arjun.bandi72@example.com,SIH,Participant
varenya.prabhakar73@example.com,SIH,Participant
tanish.kaul74@example.com,SIH,Participant
tamanna.bhat75@example.com,SIH,Participant
chameli.parmer76@example.com,SIH,Participant
ganga.bava77@example.com,SIH,Participant
balendra.raman78@example.com,SIH,Participant
rehaan.khurana79@example.com,SIH,Participant
darika.taneja80@example.com,SIH,Participant
timothy.kala81@example.com,SIH,Participant
vinaya.wason82@example.com,SIH,Participant
turvi.borde83@example.com,SIH,Participant
henry.gopal84@example.com,SIH,Participant
sai.prabhu85@example.com,SIH,Participant
victor.upadhyay86@example.com,SIH,Participant
falan.dalal87@example.com,SIH,Participant
neelima.datta88@example.com,SIH,Participant
oeshi.pathak89@example.com,SIH,Participant
chanchal.dora90@example.com,SIH,Participant
finn.master91@example.com,SIH,Participant
timothy.kaul92@example.com,SIH,Participant
wyatt.batra93@example.com,SIH,Participant
chaaya.shenoy94@example.com,SIH,Participant
lopa.parmer95@example.com,SIH,Participant
matthew.raju96@example.com,SIH,Participant
abdul.upadhyay97@example.com,SIH,Participant
abhiram.wadhwa98@example.com,SIH,Participant
ubika.sankaran99@example.com,SIH,Participant
ekiya.jhaveri100@example.com,SIH,Participant
yasti.krish101@example.com,SIH,Participant
anita.dhillon102@example.com,SIH,Participant
hema.rastogi103@example.com,SIH,Participant
suhani.dutt104@example.com,SIH,Participant
gautam.kari105@example.com,SIH,Participant
eta.prabhu106@example.com,SIH,Participant
avni.sinha107@example.com,SIH,Participant
onveer.hayer108@example.com,SIH,Participant
praneel.ganesan109@example.com,SIH,Participant
rudra.kala110@example.com,SIH,Participant
hardik.buch111@example.com,SIH,Participant
irya.wadhwa112@example.com,SIH,Participant
xiti.vora113@example.com,SIH,Participant
divya.sridhar114@example.com,SIH,Participant
gunbir.dyal115@example.com,SIH,Participant
warinder.kant116@example.com,SIH,Participant
chanakya.batra117@example.com,SIH,Participant
ayushman.bhatia118@example.com,SIH,Participant
mohammed.sachdeva119@example.com,SIH,Participant
chanchal.acharya120@example.com,SIH,Participant
dayita.bhalla121@example.com,SIH,Participant
krisha.apte122@example.com,SIH,Participant
radhika.nair123@example.com,SIH,Participant
agastya.padmanabhan124@example.com,SIH,Participant
pratyush.kalita125@example.com,SIH,Participant
pranav.jain126@example.com,SIH,Participant
urvashi.bansal127@example.com,SIH,Participant
indali.bains128@example.com,SIH,Participant
anusha.anne129@example.com,SIH,Participant
pushti.jha130@example.com,SIH,Participant
anmol.narasimhan131@example.com,SIH,Participant
ryan.dhar132@example.com,SIH,Participant
brinda.dara133@example.com,SIH,Participant
divya.salvi134@example.com,SIH,Participant
farhan.comar135@example.com,SIH,Participant
lajita.minhas136@example.com,SIH,Participant
widisha.gole137@example.com,SIH,Participant
rehaan.padmanabhan138@example.com,SIH,Participant
eta.magar139@example.com,SIH,Participant
sanaya.khurana140@example.com,SIH,Participant
panini.parmar141@example.com,SIH,Participant
vaishnavi.kala142@example.com,SIH,Participant
bhavini.nagy143@example.com,SIH,Participant
bhavika.banik144@example.com,SIH,Participant
xalak.madan145@example.com,SIH,Participant
gayathri.bose146@example.com,SIH,Participant
dipta.khanna147@example.com,SIH,Participant
nilima.merchant148@example.com,SIH,Participant
viraj.sama149@example.com,SIH,Participant
chaitanya.basu150@example.com,SIH,Participant
ojasvi.dugar151@example.com,SIH,Participant
champak.padmanabhan152@example.com,SIH,Participant
vihaan.balay153@example.com,SIH,Participant
darpan.mutti154@example.com,SIH,Participant
zinal.trivedi155@example.com,SIH,Participant
lakshit.kadakia156@example.com,SIH,Participant
yauvani.chaudhry157@example.com,SIH,Participant
aarna.patla158@example.com,SIH,Participant
keya.natarajan159@example.com,SIH,Participant
forum.bala160@example.com,SIH,Participant
wahab.murthy161@example.com,SIH,Participant
aadi.warrior162@example.com,SIH,Participant
kashvi.rastogi163@example.com,SIH,Participant
azaan.issac164@example.com,SIH,Participant
ganga.das165@example.com,SIH,Participant
nisha.thakur166@example.com,SIH,Participant
eesha.kalla167@example.com,SIH,Participant
ekansh.comar168@example.com,SIH,Participant
shivansh.bains169@example.com,SIH,Participant
tejas.wason170@example.com,SIH,Participant
maya.sengupta171@example.com,SIH,Participant
falan.malhotra172@example.com,SIH,Participant
pahal.raju173@example.com,SIH,Participant
balveer.jani174@example.com,SIH,Participant
ayaan.kapoor175@example.com,SIH,Participant
kritika.pall176@example.com,SIH,Participant
lipika.bahri177@example.com,SIH,Participant
xiti.sami178@example.com,SIH,Participant
kashvi.kaur179@example.com,SIH,Participant
rachita.sengupta180@example.com,SIH,Participant
hritik.ben181@example.com,SIH,Participant
balvan.sheth182@example.com,SIH,Participant
balhaar.bala183@example.com,SIH,Participant
guneet.cherian184@example.com,SIH,Participant
parth.mani185@example.com,SIH,Participant
raksha.raju186@example.com,SIH,Participant
shivansh.kara187@example.com,SIH,Participant
vrinda.kapoor188@example.com,SIH,Participant
pavani.tak189@example.com,SIH,Participant
zarna.rege190@example.com,SIH,Participant
anjali.prasad191@example.com,SIH,Participant
advay.bath192@example.com,SIH,Participant
ojasvi.bumb193@example.com,SIH,Participant
nitara.misra194@example.com,SIH,Participant
onveer.ray195@example.com,SIH,Participant
logan.johal196@example.com,SIH,Participant
mitali.handa197@example.com,SIH,Participant
benjamin.konda198@example.com,SIH,Participant
bakhshi.lad199@example.com,SIH,Participant
jagat.vyas200@example.com,SIH,Participant
vedhika.singh201@example.com,SIH,Participant
dakshesh.deshmukh202@example.com,SIH,Participant
gaurika.borde203@example.com,SIH,Participant
balhaar.kohli204@example.com,SIH,Participant
jyoti.kapadia205@example.com,SIH,Participant
ronith.sen206@example.com,SIH,Participant
wahab.shroff207@example.com,SIH,Participant
kala.shenoy208@example.com,SIH,Participant
jalsa.chatterjee209@example.com,SIH,Participant
jasmit.roy210@example.com,SIH,Participant
aahana.misra211@example.com,SIH,Participant
priya.vala212@example.com,SIH,Participant
suhani.goswami213@example.com,SIH,Participant
faras.pal214@example.com,SIH,Participant
jonathan.balay215@example.com,SIH,Participant
chatura.nagar216@example.com,SIH,Participant
zarna.contractor217@example.com,SIH,Participant
damyanti.keer218@example.com,SIH,Participant
irya.walia219@example.com,SIH,Participant
patrick.subramaniam220@example.com,SIH,Participant
vrinda.vaidya221@example.com,SIH,Participant
elijah.handa222@example.com,SIH,Participant
benjamin.pandit223@example.com,SIH,Participant
balvan.kannan224@example.com,SIH,Participant
kevin.bhandari225@example.com,SIH,Participant
dhriti.nayar226@example.com,SIH,Participant
arunima.bajwa227@example.com,SIH,Participant
omaja.tella228@example.com,SIH,Participant
charita.gara229@example.com,SIH,Participant
upma.kumar230@example.com,SIH,Participant
ojasvi.aggarwal231@example.com,SIH,Participant
dalbir.ram232@example.com,SIH,Participant
raagini.mitra233@example.com,SIH,Participant
inaya.bumb234@example.com,SIH,Participant
pratyush.batra235@example.com,SIH,Participant
chasmum.sengupta236@example.com,SIH,Participant
janani.chatterjee237@example.com,SIH,Participant
pavani.lata238@example.com,SIH,Participant
omkaar.bawa239@example.com,SIH,Participant
deepa.palla240@example.com,SIH,Participant
tamanna.walia241@example.com,SIH,Participant
rachita.mangal242@example.com,SIH,Participant
urvi.bath243@example.com,SIH,Participant
charvi.mand244@example.com,SIH,Participant
omya.chaudhry245@example.com,SIH,Participant
caleb.loyal246@example.com,SIH,Participant
samesh.kala247@example.com,SIH,Participant
krish.bains248@example.com,SIH,Participant
ijaya.gala249@example.com,SIH,Participant
rishi.radhakrishnan250@example.com,SIH,Participant
pooja.natt251@example.com,SIH,Participant
vanya.ranganathan252@example.com,SIH,Participant
zinal.hayer253@example.com,SIH,Participant
om.salvi254@example.com,SIH,Participant
luke.chakrabarti255@example.com,SIH,Participant
chatresh.nigam256@example.com,SIH,Participant
vincent.chada257@example.com,SIH,Participant
ekiya.singhal258@example.com,SIH,Participant
timothy.sibal259@example.com,SIH,Participant
kashish.ghosh260@example.com,SIH,Participant
alexander.rastogi261@example.com,SIH,Participant
adweta.choudhry262@example.com,SIH,Participant
devika.chana263@example.com,SIH,Participant
harsh.shanker264@example.com,SIH,Participant
alka.date265@example.com,SIH,Participant
samesh.natt266@example.com,SIH,Participant
yashoda.nagi267@example.com,SIH,Participant
michael.keer268@example.com,SIH,Participant
jeremiah.batta269@example.com,SIH,Participant
yashoda.dugar270@example.com,SIH,Participant
william.rastogi271@example.com,SIH,Participant
yamini.grover272@example.com,SIH,Participant
barkha.kohli273@example.com,SIH,Participant
ekbal.pradhan274@example.com,SIH,Participant
upma.borah275@example.com,SIH,Participant
banjeet.kara276@example.com,SIH,Participant
deepa.dhillon277@example.com,SIH,Participant
sai.mall278@example.com,SIH,Participant
shivani.lata279@example.com,SIH,Participant
madhav.master280@example.com,SIH,Participant
jagvi.gole281@example.com,SIH,Participant
vihaan.subramanian282@example.com,SIH,Participant
vincent.comar283@example.com,SIH,Participant
suhani.vyas284@example.com,SIH,Participant
vritti.raja285@example.com,SIH,Participant
ekta.badami286@example.com,SIH,Participant
samar.sha287@example.com,SIH,Participant
varsha.ben288@example.com,SIH,Participant
jack.barman289@example.com,SIH,Participant
bimala.om290@example.com,SIH,Participant
yashawini.ben291@example.com,SIH,Participant
saumya.dar292@example.com,SIH,Participant
harsh.keer293@example.com,SIH,Participant
krishna.sur294@example.com,SIH,Participant
mohini.ratti295@example.com,SIH,Participant
hema.karan296@example.com,SIH,Participant
rachita.saha297@example.com,SIH,Participant
peter.raja298@example.com,SIH,Participant
devansh.kade299@example.com,SIH,Participant
rajeshri.gopal300@example.com,SIH,Participant
nikita.seth301@example.com,SIH,Participant
reyansh.narang302@example.com,SIH,Participant
advay.peri303@example.com,SIH,Participant
gauri.luthra304@example.com,SIH,Participant
pratyush.d’alia305@example.com,SIH,Participant
pooja.pillay306@example.com,SIH,Participant
kamya.sawhney307@example.com,SIH,Participant
indali.talwar308@example.com,SIH,Participant
oeshi.modi309@example.com,SIH,Participant
gautam.rastogi310@example.com,SIH,Participant
abhimanyu.subramaniam311@example.com,SIH,Participant
vamakshi.mand312@example.com,SIH,Participant
vamakshi.toor313@example.com,SIH,Participant
praneel.deshpande314@example.com,SIH,Participant
raksha.mahal315@example.com,SIH,Participant
mekhala.bala316@example.com,SIH,Participant
ekalinga.bir317@example.com,SIH,Participant
jacob.madan318@example.com,SIH,Participant
isha.suri319@example.com,SIH,Participant
jagat.muni320@example.com,SIH,Participant
ranveer.bakshi321@example.com,SIH,Participant
ridhi.bora322@example.com,SIH,Participant
jagdish.lalla323@example.com,SIH,Participant
hredhaan.dhar324@example.com,SIH,Participant
gaurika.aggarwal325@example.com,SIH,Participant
jagvi.nigam326@example.com,SIH,Participant
sneha.kunda327@example.com,SIH,Participant
zehaan.dutta328@example.com,SIH,Participant
girish.murty329@example.com,SIH,Participant
rajata.pau330@example.com,SIH,Participant
saksham.deol331@example.com,SIH,Participant
logan.keer332@example.com,SIH,Participant
harshil.chadha333@example.com,SIH,Participant
mugdha.tank334@example.com,SIH,Participant
vasana.bail335@example.com,SIH,Participant
chaitanya.pandey336@example.com,SIH,Participant
sneha.chada337@example.com,SIH,Participant
suhani.pai338@example.com,SIH,Participant
bhanumati.din339@example.com,SIH,Participant
joshua.bhat340@example.com,SIH,Participant
zayyan.narula341@example.com,SIH,Participant
chameli.warrior342@example.com,SIH,Participant
aarav.bose343@example.com,SIH,Participant
bhavya.kuruvilla344@example.com,SIH,Participant
ishani.sahota345@example.com,SIH,Participant
bhanumati.halder346@example.com,SIH,Participant
gauri.gupta347@example.com,SIH,Participant
lucky.nigam348@example.com,SIH,Participant
tanmayi.sandhu349@example.com,SIH,Participant
dayamai.arya350@example.com,SIH,Participant
keya.jha351@example.com,SIH,Participant
vincent.sundaram352@example.com,SIH,Participant
alexander.gola353@example.com,SIH,Participant
shaurya.verma354@example.com,SIH,Participant
vansha.sami355@example.com,SIH,Participant
siddharth.nair356@example.com,SIH,Participant
bhavna.mohanty357@example.com,SIH,Participant
bhavini.acharya358@example.com,SIH,Participant
harinakshi.das359@example.com,SIH,Participant
anvi.raju360@example.com,SIH,Participant
garima.mand361@example.com,SIH,Participant
sachi.kalla362@example.com,SIH,Participant
tanay.bhargava363@example.com,SIH,Participant
aadi.kunda364@example.com,SIH,Participant
jonathan.nadig365@example.com,SIH,Participant
jonathan.manne366@example.com,SIH,Participant
anmol.date367@example.com,SIH,Participant
yug.deo368@example.com,SIH,Participant
adya.anand369@example.com,SIH,Participant
vritti.krishnan370@example.com,SIH,Participant
gaurav.bava371@example.com,SIH,Participant
rajata.chakraborty372@example.com,SIH,Participant
nirja.bakshi373@example.com,SIH,Participant
orinder.chana374@example.com,SIH,Participant
anirudh.kanda375@example.com,SIH,Participant
ishita.prasad376@example.com,SIH,Participant
hemang.varty377@example.com,SIH,Participant
aarini.hayre378@example.com,SIH,Participant
eiravati.doctor379@example.com,SIH,Participant
charita.bhagat380@example.com,SIH,Participant
vrinda.sabharwal381@example.com,SIH,Participant
libni.rai382@example.com,SIH,Participant
meera.bhatnagar383@example.com,SIH,Participant
chakradhar.sheth384@example.com,SIH,Participant
hemani.bhatnagar385@example.com,SIH,Participant
nimrat.mutti386@example.com,SIH,Participant
osha.lalla387@example.com,SIH,Participant
amara.keer388@example.com,SIH,Participant
falak.hegde389@example.com,SIH,Participant
chakradev.sarma390@example.com,SIH,Participant
isaac.biswas391@example.com,SIH,Participant
nilima.luthra392@example.com,SIH,Participant
nidhi.dora393@example.com,SIH,Participant
qasim.shankar394@example.com,SIH,Participant
yamini.soman395@example.com,SIH,Participant
utkarsh.goel396@example.com,SIH,Participant
ekaraj.deo397@example.com,SIH,Participant
vyanjana.goyal398@example.com,SIH,Participant
kritika.dubey399@example.com,SIH,Participant
kashish.lata400@example.com,SIH,Participant
ayushman.majumdar401@example.com,SIH,Participant
jairaj.bhatti402@example.com,SIH,Participant
qushi.chhabra403@example.com,SIH,Participant
avi.sahni404@example.com,SIH,Participant
yuvraj.sabharwal405@example.com,SIH,Participant
om.anne406@example.com,SIH,Participant
warjas.ranganathan407@example.com,SIH,Participant
maya.contractor408@example.com,SIH,Participant
eesha.ben409@example.com,SIH,Participant
varsha.golla410@example.com,SIH,Participant
yashoda.kota411@example.com,SIH,Participant
advay.tank412@example.com,SIH,Participant
meghana.batra413@example.com,SIH,Participant
mahika.krish414@example.com,SIH,Participant
onveer.varty415@example.com,SIH,Participant
ganga.patla416@example.com,SIH,Participant
harrison.din417@example.com,SIH,Participant
yahvi.dyal418@example.com,SIH,Participant
manbir.chana419@example.com,SIH,Participant
vivaan.mitter420@example.com,SIH,Participant
max.more421@example.com,SIH,Participant
yahvi.raju422@example.com,SIH,Participant
keya.dave423@example.com,SIH,Participant
nidra.prakash424@example.com,SIH,Participant
meera.natarajan425@example.com,SIH,Participant
chanakya.sodhi426@example.com,SIH,Participant
falak.upadhyay427@example.com,SIH,Participant
arya.saini428@example.com,SIH,Participant
dalbir.viswanathan429@example.com,SIH,Participant
rudra.pandya430@example.com,SIH,Participant
vedhika.pant431@example.com,SIH,Participant
nidhi.krishna432@example.com,SIH,Participant
darika.malhotra433@example.com,SIH,Participant
kiaan.venkatesh434@example.com,SIH,Participant
avi.palan435@example.com,SIH,Participant
vaishnavi.deshpande436@example.com,SIH,Participant
jagdish.shan437@example.com,SIH,Participant
dakshesh.dhingra438@example.com,SIH,Participant
aadhya.thakur439@example.com,SIH,Participant
anvi.shukla440@example.com,SIH,Participant
hema.prashad441@example.com,SIH,Participant
chasmum.lanka442@example.com,SIH,Participant
samarth.sethi443@example.com,SIH,Participant
lakshmi.banik444@example.com,SIH,Participant
harini.prabhakar445@example.com,SIH,Participant
yamini.manne446@example.com,SIH,Participant
ansh.behl447@example.com,SIH,Participant
liam.gupta448@example.com,SIH,Participant
leela.mohan449@example.com,SIH,Participant
pahal.andra450@example.com,SIH,Participant
darsh.aggarwal451@example.com,SIH,Participant
siya.gaba452@example.com,SIH,Participant
shivansh.sathe453@example.com,SIH,Participant
daksha.sane454@example.com,SIH,Participant
upasna.minhas455@example.com,SIH,Participant
sanya.mutti456@example.com,SIH,Participant
rudra.deol457@example.com,SIH,Participant
osha.soni458@example.com,SIH,Participant
manthan.dasgupta459@example.com,SIH,Participant
dalaja.ahuja460@example.com,SIH,Participant
inaya.vora461@example.com,SIH,Participant
jagdish.radhakrishnan462@example.com,SIH,Participant
anya.kashyap463@example.com,SIH,Participant
anvi.bajaj464@example.com,SIH,Participant
vedika.trivedi465@example.com,SIH,Participant
harrison.mandal466@example.com,SIH,Participant
matthew.raman467@example.com,SIH,Participant
urvashi.kibe468@example.com,SIH,Participant
jhalak.sankaran469@example.com,SIH,Participant
gagan.babu470@example.com,SIH,Participant
qadim.banerjee471@example.com,SIH,Participant
jackson.narayanan472@example.com,SIH,Participant
aradhana.dhar473@example.com,SIH,Participant
qadim.bath474@example.com,SIH,Participant
chandani.hayer475@example.com,SIH,Participant
aadhya.gopal476@example.com,SIH,Participant
dipta.mander477@example.com,SIH,Participant
ekapad.radhakrishnan478@example.com,SIH,Participant
arunima.sankar479@example.com,SIH,Participant
yutika.sandhu480@example.com,SIH,Participant
ekapad.ramachandran481@example.com,SIH,Participant
abha.talwar482@example.com,SIH,Participant
warda.mohanty483@example.com,SIH,Participant
ikshita.bir484@example.com,SIH,Participant
fitan.palla485@example.com,SIH,Participant
mugdha.ramachandran486@example.com,SIH,Participant
arya.sunder487@example.com,SIH,Participant
abha.grover488@example.com,SIH,Participant
noah.agate489@example.com,SIH,Participant
kamya.gour490@example.com,SIH,Participant
vivaan.shanker491@example.com,SIH,Participant
vritti.de492@example.com,SIH,Participant
mohini.bal493@example.com,SIH,Participant
akshay.pandey494@example.com,SIH,Participant
amrita.anne495@example.com,SIH,Participant
aradhana.more496@example.com,SIH,Participant
sanya.ram497@example.com,SIH,Participant
hemang.goyal498@example.com,SIH,Participant
fariq.nayak499@example.com,SIH,Participant
