student_email,title,description,domain_tags
thomas.kapadia0@example.com,Weather App,Ut labore officiis dolorum dignissimos.,"AI,Web"
ekaraj.uppal1@example.com,Portal,At aperiam soluta nemo.,"AI,Web"
aadhya.zachariah2@example.com,AI Chatbot,Eaque quod sapiente eligendi quas cum.,"AI,Web"
samarth.grewal3@example.com,AI Chatbot,Debitis quibusdam voluptate perferendis.,"AI,Web"
gayathri.shan4@example.com,Portal,Sint dignissimos tenetur odio excepturi mollitia facilis.,"AI,Web"
janya.maharaj5@example.com,Portal,Perspiciatis ratione vel atque.,"AI,Web"
keya.dey6@example.com,Weather App,Deserunt earum fugiat corrupti.,"AI,Web"
yashvi.nadkarni7@example.com,AI Chatbot,Placeat mollitia magni earum quae sunt fuga.,"AI,Web"
faris.doshi8@example.com,Weather App,Error pariatur dolore perspiciatis.,"AI,Web"
liam.atwal9@example.com,Portal,Numquam error mollitia quibusdam voluptas excepturi.,"AI,Web"
ansh.murty10@example.com,Weather App,Nostrum blanditiis iusto tempore tenetur esse minus.,"AI,Web"
pooja.divan11@example.com,AI Chatbot,Aliquam ipsum reiciendis et molestiae reprehenderit officiis quia.,"AI,Web"
chanakya.lala12@example.com,Weather App,Error soluta et magnam praesentium error.,"AI,Web"
ubika.kumer13@example.com,Portal,Quam laborum labore.,"AI,Web"
anthony.mukhopadhyay14@example.com,Weather App,Est blanditiis tenetur consectetur molestias reiciendis at.,"AI,Web"
rehaan.krishnamurthy15@example.com,Portal,Voluptatibus asperiores voluptates officiis.,"AI,Web"
isaac.lad16@example.com,Weather App,Ex id fugiat asperiores.,"AI,Web"
charita.mutti17@example.com,AI Chatbot,Numquam eum suscipit nulla aspernatur ipsam at.,"AI,Web"
yuvraj.modi18@example.com,AI Chatbot,Distinctio hic odit qui minima blanditiis.,"AI,Web"
upkaar.devan19@example.com,AI Chatbot,Unde deserunt perferendis quod.,"AI,Web"
indira.seth20@example.com,Weather App,Recusandae esse consequuntur tempore mollitia sint fugit earum.,"AI,Web"
waida.doshi21@example.com,Weather App,Eum ad est ducimus.,"AI,Web"
panini.konda22@example.com,Portal,Labore neque vero quas ipsum accusantium soluta.,"AI,Web"
sathvik.rao23@example.com,AI Chatbot,Placeat vero alias occaecati placeat porro.,"AI,Web"
oscar.karpe24@example.com,Portal,Ex quis voluptates quisquam libero eos.,"AI,Web"
agastya.suresh25@example.com,AI Chatbot,Suscipit sed unde iste.,"AI,Web"
umang.dani26@example.com,Weather App,Et inventore provident doloremque corporis dicta.,"AI,Web"
mohammed.parsa27@example.com,Portal,Neque a temporibus cupiditate quam sunt odit velit.,"AI,Web"
vasudha.lalla28@example.com,Portal,Quas facere nulla tempora.,"AI,Web"
siya.patla29@example.com,Weather App,Amet aut iusto est.,"AI,Web"
leela.master30@example.com,AI Chatbot,Dolore mollitia eveniet eum voluptates aperiam delectus nulla.,"AI,Web"
omkaar.vora31@example.com,AI Chatbot,Nobis sed deleniti impedit ratione porro fuga possimus.,"AI,Web"
manbir.mitra32@example.com,Portal,Laudantium nisi alias veniam excepturi iusto eum aliquid.,"AI,Web"
brijesh.nagy33@example.com,Portal,Autem pariatur omnis magni commodi aperiam eaque.,"AI,Web"
akshay.sur34@example.com,Portal,Magnam minus ipsum vitae similique vitae facilis consequuntur.,"AI,Web"
ryan.tank35@example.com,Weather App,Ullam dolorem dignissimos error temporibus ut delectus.,"AI,Web"
geetika.merchant36@example.com,AI Chatbot,Dolorem similique nihil.,"AI,Web"
abhimanyu.gara37@example.com,AI Chatbot,Alias maiores provident nam.,"AI,Web"
ubika.gola38@example.com,Weather App,Ullam id dolores voluptas qui.,"AI,Web"
harrison.dugar39@example.com,Weather App,Velit assumenda nihil optio odio.,"AI,Web"
saumya.gour40@example.com,Weather App,Suscipit ratione eum officia.,"AI,Web"
hema.hayre41@example.com,AI Chatbot,Aut distinctio qui inventore voluptate ipsum ipsa.,"AI,Web"
lipika.parsa42@example.com,AI Chatbot,Amet autem fuga dignissimos perferendis nisi.,"AI,Web"
aarush.sur43@example.com,Weather App,Quo earum numquam ad similique repudiandae cupiditate.,"AI,Web"
baljiwan.goswami44@example.com,Portal,Impedit porro ducimus.,"AI,Web"
vedhika.banik45@example.com,AI Chatbot,Ipsa perferendis aut accusamus eos beatae modi.,"AI,Web"
ayaan.chahal46@example.com,AI Chatbot,Quas illo aliquid deserunt labore expedita.,"AI,Web"
hemani.rout47@example.com,Portal,Optio quae id quam consequuntur.,"AI,Web"
michael.dara48@example.com,AI Chatbot,Ipsum corporis est laudantium saepe ipsam.,"AI,Web"
jairaj.rajan49@example.com,AI Chatbot,Earum minus quod exercitationem in.,"AI,Web"
chanakya.bhardwaj50@example.com,Portal,Impedit molestias doloribus similique cumque qui.,"AI,Web"
ekalinga.contractor51@example.com,Portal,Nobis harum nostrum labore possimus commodi.,"AI,Web"
ethan.balasubramanian52@example.com,Portal,Modi officia earum nulla quos odit porro.,"AI,Web"
zayyan.sur53@example.com,Portal,Corrupti eaque tempora eos beatae nam ratione iste.,"AI,Web"
pallavi.prabhakar54@example.com,Portal,Suscipit voluptates necessitatibus.,"AI,Web"
wazir.deshpande55@example.com,Portal,Quod tempore minus autem quae voluptate.,"AI,Web"
ojas.mannan56@example.com,AI Chatbot,Earum voluptate architecto minima consequuntur voluptatem.,"AI,Web"
indali.dave57@example.com,Weather App,Porro accusantium amet reprehenderit cumque.,"AI,Web"
amara.sarin58@example.com,Weather App,Ducimus architecto laudantium aliquam facere.,"AI,Web"
hardik.kota59@example.com,Portal,Cupiditate aliquam facere.,"AI,Web"
onkar.bhavsar60@example.com,Weather App,Deleniti fugiat eaque accusantium consequuntur.,"AI,Web"
siddharth.barad61@example.com,AI Chatbot,Ea corrupti in quod et omnis repellat quis.,"AI,Web"
bhavika.radhakrishnan62@example.com,Portal,Qui veniam nostrum.,"AI,Web"
ethan.gala63@example.com,AI Chatbot,Veritatis molestiae nemo fugit repellat.,"AI,Web"
bimala.suresh64@example.com,AI Chatbot,Ipsam ab iure blanditiis id in.,"AI,Web"
chanchal.manda65@example.com,Weather App,Ipsum consequuntur eveniet.,"AI,Web"
gaurangi.banerjee66@example.com,Portal,Suscipit delectus omnis omnis amet mollitia.,"AI,Web"
aashi.nayak67@example.com,AI Chatbot,Accusamus blanditiis possimus ratione eaque eius.,"AI,Web"
eta.mander68@example.com,Weather App,Similique quis quasi vel ea nam.,"AI,Web"
ayush.jani69@example.com,AI Chatbot,Debitis fugiat tenetur vero corporis aspernatur deserunt.,"AI,Web"
chavvi.kade70@example.com,AI Chatbot,Excepturi illum quos mollitia hic facere.,"AI,Web"
veda.brar71@example.com,Weather App,Cumque ab ratione eveniet aliquam ratione.,"AI,Web"
arjun.bandi72@example.com,Weather App,Dolore nisi doloribus commodi laborum tenetur non.,"AI,Web"
varenya.prabhakar73@example.com,Weather App,Optio ea assumenda atque rerum officiis vero omnis.,"AI,Web"
tanish.kaul74@example.com,Weather App,Veritatis illo ratione expedita soluta sapiente odio.,"AI,Web"
tamanna.bhat75@example.com,Weather App,Libero totam ratione voluptates.,"AI,Web"
chameli.parmer76@example.com,AI Chatbot,Iure beatae neque laborum dolor placeat doloribus.,"AI,Web"
ganga.bava77@example.com,AI Chatbot,Consequuntur earum aspernatur mollitia quasi sunt quam.,"AI,Web"
balendra.raman78@example.com,Portal,Nihil repellendus provident temporibus similique.,"AI,Web"
rehaan.khurana79@example.com,Portal,Nulla aut sequi et voluptate illum quibusdam.,"AI,Web"
darika.taneja80@example.com,Weather App,Natus ad assumenda maiores corporis nam.,"AI,Web"
timothy.kala81@example.com,AI Chatbot,Impedit dolor id cum maxime laborum recusandae.,"AI,Web"
vinaya.wason82@example.com,AI Chatbot,Molestias tempore deserunt ipsum veniam fugiat quia.,"AI,Web"
turvi.borde83@example.com,Weather App,Fugit laudantium non fugit natus.,"AI,Web"
henry.gopal84@example.com,AI Chatbot,Iste dolorem voluptatem libero asperiores.,"AI,Web"
sai.prabhu85@example.com,Weather App,Nisi debitis facere corrupti mollitia tenetur.,"AI,Web"
victor.upadhyay86@example.com,Weather App,Cum quaerat aspernatur.,"AI,Web"
falan.dalal87@example.com,Portal,Nihil molestiae voluptatum aliquid quo libero ratione nobis.,"AI,Web"
neelima.datta88@example.com,Portal,Tempore harum ab deleniti nihil ipsam a.,"AI,Web"
oeshi.pathak89@example.com,Portal,Officia dolorem doloremque porro.,"AI,Web"
chanchal.dora90@example.com,AI Chatbot,Inventore asperiores animi vero pariatur.,"AI,Web"
finn.master91@example.com,Portal,Odio reiciendis nemo neque.,"AI,Web"
timothy.kaul92@example.com,Portal,Fugit esse sit odit officiis sint.,"AI,Web"
wyatt.batra93@example.com,Weather App,Tempora voluptatibus suscipit cupiditate eius.,"AI,Web"
chaaya.shenoy94@example.com,Weather App,Doloribus provident cumque odit magni.,"AI,Web"
lopa.parmer95@example.com,AI Chatbot,Numquam dicta ex voluptas fuga voluptates.,"AI,Web"
matthew.raju96@example.com,Weather App,Quis laboriosam sequi quos beatae nisi.,"AI,Web"
abdul.upadhyay97@example.com,AI Chatbot,Ad veritatis totam dolores quo deleniti exercitationem consequatur.,"AI,Web"
abhiram.wadhwa98@example.com,AI Chatbot,Eaque sequi repudiandae impedit odit numquam.,"AI,Web"
ubika.sankaran99@example.com,Weather App,Quo quia nulla minima.,"AI,Web"
ekiya.jhaveri100@example.com,AI Chatbot,Voluptate illum esse pariatur.,"AI,Web"
yasti.krish101@example.com,AI Chatbot,Et reiciendis cupiditate commodi accusamus laborum occaecati eos.,"AI,Web"
anita.dhillon102@example.com,Weather App,Aut sapiente ipsam quia.,"AI,Web"
hema.rastogi103@example.com,Weather App,Quasi labore temporibus doloribus odio ab quisquam accusantium.,"AI,Web"
suhani.dutt104@example.com,Weather App,Mollitia nesciunt error provident omnis dolore voluptatem in.,"AI,Web"
gautam.kari105@example.com,Portal,Vel maiores tenetur praesentium vel eveniet eius.,"AI,Web"
eta.prabhu106@example.com,Weather App,Voluptate qui ratione suscipit et consequatur.,"AI,Web"
avni.sinha107@example.com,Weather App,Eum consequatur perspiciatis impedit aspernatur illo earum optio.,"AI,Web"
onveer.hayer108@example.com,AI Chatbot,Itaque beatae corrupti praesentium amet.,"AI,Web"
praneel.ganesan109@example.com,AI Chatbot,Inventore rem quibusdam.,"AI,Web"
rudra.kala110@example.com,Portal,Ullam optio eum voluptatibus quam rem aspernatur.,"AI,Web"
hardik.buch111@example.com,Weather App,Odio dolores iure fugiat minus totam eius.,"AI,Web"
irya.wadhwa112@example.com,Weather App,Illum sunt nihil veritatis illo ipsum alias.,"AI,Web"
xiti.vora113@example.com,AI Chatbot,Atque corrupti occaecati.,"AI,Web"
divya.sridhar114@example.com,AI Chatbot,Facilis iusto ipsam modi ratione.,"AI,Web"
gunbir.dyal115@example.com,Weather App,Modi quidem eius totam.,"AI,Web"
warinder.kant116@example.com,AI Chatbot,Inventore sapiente aliquam rem rem.,"AI,Web"
chanakya.batra117@example.com,Weather App,Laboriosam maiores quod.,"AI,Web"
ayushman.bhatia118@example.com,AI Chatbot,Nulla fugit dignissimos earum vel nam at.,"AI,Web"
mohammed.sachdeva119@example.com,AI Chatbot,Mollitia eum illo laborum.,"AI,Web"
chanchal.acharya120@example.com,Portal,Eveniet earum ipsum suscipit.,"AI,Web"
dayita.bhalla121@example.com,Portal,Laudantium placeat placeat fugiat tempora deserunt.,"AI,Web"
krisha.apte122@example.com,AI Chatbot,Necessitatibus explicabo hic voluptatem aperiam voluptatem architecto.,"AI,Web"
radhika.nair123@example.com,Weather App,Perferendis voluptatibus cum repellendus nobis.,"AI,Web"
agastya.padmanabhan124@example.com,Weather App,Quo itaque nostrum expedita.,"AI,Web"
pratyush.kalita125@example.com,AI Chatbot,Distinctio laudantium non.,"AI,Web"
pranav.jain126@example.com,AI Chatbot,Nihil nihil quod enim.,"AI,Web"
urvashi.bansal127@example.com,Weather App,Nobis minima dolore hic.,"AI,Web"
indali.bains128@example.com,AI Chatbot,Earum tenetur a atque animi vero.,"AI,Web"
anusha.anne129@example.com,Portal,Perferendis adipisci enim.,"AI,Web"
pushti.jha130@example.com,AI Chatbot,Veniam aut cum quam illum.,"AI,Web"
anmol.narasimhan131@example.com,AI Chatbot,Optio nulla nostrum nemo ipsa dolor.,"AI,Web"
ryan.dhar132@example.com,AI Chatbot,Eligendi cupiditate eligendi aut incidunt qui.,"AI,Web"
brinda.dara133@example.com,AI Chatbot,Molestiae nesciunt odio repellat deserunt delectus nam saepe.,"AI,Web"
divya.salvi134@example.com,AI Chatbot,Totam fugiat voluptatum cum.,"AI,Web"
farhan.comar135@example.com,Portal,Quaerat autem reprehenderit minima quas sequi aliquam occaecati.,"AI,Web"
lajita.minhas136@example.com,Portal,Tenetur praesentium nobis blanditiis.,"AI,Web"
widisha.gole137@example.com,Weather App,Quo fugiat esse repellendus fuga.,"AI,Web"
rehaan.padmanabhan138@example.com,AI Chatbot,Quam quo praesentium reprehenderit ab quas odio.,"AI,Web"
eta.magar139@example.com,Weather App,Molestias molestias reprehenderit quos.,"AI,Web"
sanaya.khurana140@example.com,AI Chatbot,Inventore asperiores perspiciatis nam.,"AI,Web"
panini.parmar141@example.com,AI Chatbot,Aliquam inventore sapiente at.,"AI,Web"
vaishnavi.kala142@example.com,Portal,Tenetur nihil at.,"AI,Web"
bhavini.nagy143@example.com,Portal,Nesciunt delectus dolorum rerum repellat.,"AI,Web"
bhavika.banik144@example.com,AI Chatbot,Blanditiis dolor unde dolorem veniam alias.,"AI,Web"
xalak.madan145@example.com,Weather App,Tempora possimus blanditiis distinctio numquam asperiores amet.,"AI,Web"
gayathri.bose146@example.com,Weather App,At facere temporibus omnis.,"AI,Web"
dipta.khanna147@example.com,Weather App,Voluptatibus aut asperiores soluta.,"AI,Web"
nilima.merchant148@example.com,Weather App,Ad reprehenderit nesciunt ducimus animi occaecati modi.,"AI,Web"
viraj.sama149@example.com,Portal,Aspernatur nesciunt laboriosam harum nisi.,"AI,Web"
chaitanya.basu150@example.com,AI Chatbot,Similique tenetur fugiat consectetur vel iusto.,"AI,Web"
ojasvi.dugar151@example.com,Portal,Voluptates omnis quis voluptas laudantium illum.,"AI,Web"
champak.padmanabhan152@example.com,Weather App,Enim ex dolor.,"AI,Web"
vihaan.balay153@example.com,AI Chatbot,Assumenda modi mollitia veritatis eos.,"AI,Web"
darpan.mutti154@example.com,Portal,Corrupti corporis repellat aliquid beatae odio earum.,"AI,Web"
zinal.trivedi155@example.com,Portal,Velit voluptatem ea modi.,"AI,Web"
lakshit.kadakia156@example.com,AI Chatbot,Ad quis officiis voluptatum minima voluptatum.,"AI,Web"
yauvani.chaudhry157@example.com,Weather App,Officia sint corrupti tenetur accusamus.,"AI,Web"
aarna.patla158@example.com,Weather App,Ad quaerat iste accusantium.,"AI,Web"
keya.natarajan159@example.com,Portal,Quos porro eius adipisci ipsum sint debitis.,"AI,Web"
forum.bala160@example.com,Portal,Dicta porro eos voluptatem.,"AI,Web"
wahab.murthy161@example.com,Portal,Quis unde suscipit nobis quibusdam ducimus.,"AI,Web"
aadi.warrior162@example.com,Portal,Debitis consequuntur voluptate modi repellendus beatae.,"AI,Web"
kashvi.rastogi163@example.com,AI Chatbot,Quae aliquid reiciendis eaque.,"AI,Web"
azaan.issac164@example.com,Portal,Voluptatum rerum exercitationem ipsam modi quod.,"AI,Web"
ganga.das165@example.com,AI Chatbot,Possimus consequuntur illum mollitia adipisci dolorum laudantium beatae.,"AI,Web"
nisha.thakur166@example.com,Portal,Provident nemo corrupti placeat officiis dolorum.,"AI,Web"
eesha.kalla167@example.com,Weather App,Voluptatibus libero enim est.,"AI,Web"
ekansh.comar168@example.com,Weather App,Ipsa minima voluptatum est itaque quisquam harum modi.,"AI,Web"
shivansh.bains169@example.com,Portal,Quasi ducimus fuga voluptates.,"AI,Web"
tejas.wason170@example.com,AI Chatbot,Deserunt illo praesentium non repellendus eius eius.,"AI,Web"
maya.sengupta171@example.com,Portal,Ipsam incidunt dolor odit enim pariatur iusto.,"AI,Web"
falan.malhotra172@example.com,Weather App,Nam facere reiciendis ex architecto ab.,"AI,Web"
pahal.raju173@example.com,AI Chatbot,Inventore beatae blanditiis velit dicta inventore odio sed.,"AI,Web"
balveer.jani174@example.com,AI Chatbot,Minus repellendus expedita facilis dolor mollitia sint.,"AI,Web"
ayaan.kapoor175@example.com,Weather App,Dicta unde harum similique dicta.,"AI,Web"
kritika.pall176@example.com,Portal,A sit ipsam.,"AI,Web"
lipika.bahri177@example.com,AI Chatbot,Illo mollitia voluptates tempore tempore laborum quis iste.,"AI,Web"
xiti.sami178@example.com,AI Chatbot,Asperiores commodi impedit ipsam porro.,"AI,Web"
kashvi.kaur179@example.com,AI Chatbot,Quas doloremque necessitatibus architecto at blanditiis rerum.,"AI,Web"
rachita.sengupta180@example.com,AI Chatbot,Excepturi consequatur ut blanditiis hic saepe nesciunt.,"AI,Web"
hritik.ben181@example.com,AI Chatbot,Deserunt repudiandae sunt voluptatum nisi voluptas ad.,"AI,Web"
balvan.sheth182@example.com,Portal,Incidunt ipsum soluta.,"AI,Web"
balhaar.bala183@example.com,Weather App,Asperiores aliquid magnam soluta similique dolorum.,"AI,Web"
guneet.cherian184@example.com,AI Chatbot,Neque nihil nihil doloribus odio iste voluptatem.,"AI,Web"
parth.mani185@example.com,AI Chatbot,Aut alias doloribus.,"AI,Web"
raksha.raju186@example.com,AI Chatbot,Asperiores itaque repellat iste libero.,"AI,Web"
shivansh.kara187@example.com,AI Chatbot,Modi aliquid libero est.,"AI,Web"
vrinda.kapoor188@example.com,Portal,Enim est quasi beatae eveniet ipsam.,"AI,Web"
pavani.tak189@example.com,Portal,Soluta rem ipsa non sit nisi voluptatem.,"AI,Web"
zarna.rege190@example.com,AI Chatbot,Repellendus voluptas iste illo dignissimos necessitatibus provident.,"AI,Web"
anjali.prasad191@example.com,Weather App,Aliquam quidem a at.,"AI,Web"
advay.bath192@example.com,Weather App,Dolor corporis iusto fugit tempora corporis.,"AI,Web"
ojasvi.bumb193@example.com,Weather App,Voluptates et dolorem beatae id magni reiciendis dignissimos.,"AI,Web"
nitara.misra194@example.com,AI Chatbot,Odit nisi dolor tempore quia minus atque.,"AI,Web"
onveer.ray195@example.com,Portal,Sint officia odit at reprehenderit quasi eos.,"AI,Web"
logan.johal196@example.com,AI Chatbot,Cumque vero illo ipsam vel vitae.,"AI,Web"
mitali.handa197@example.com,Weather App,Et fugit dolorum incidunt aperiam illo porro perferendis.,"AI,Web"
benjamin.konda198@example.com,Weather App,Corrupti vero porro doloribus enim enim enim.,"AI,Web"
bakhshi.lad199@example.com,Portal,Nesciunt voluptate neque.,"AI,Web"
jagat.vyas200@example.com,Portal,Temporibus rerum modi possimus ipsam eum qui.,"AI,Web"
vedhika.singh201@example.com,Weather App,Atque quod incidunt laboriosam laudantium molestiae impedit.,"AI,Web"
dakshesh.deshmukh202@example.com,AI Chatbot,Est cum impedit labore debitis consequuntur.,"AI,Web"
gaurika.borde203@example.com,Weather App,Labore amet doloribus amet adipisci asperiores inventore.,"AI,Web"
balhaar.kohli204@example.com,Portal,Natus ratione aut possimus.,"AI,Web"
jyoti.kapadia205@example.com,Portal,Ut iste totam.,"AI,Web"
ronith.sen206@example.com,AI Chatbot,Voluptatibus dignissimos tenetur veritatis totam autem ratione.,"AI,Web"
wahab.shroff207@example.com,Weather App,Veniam dolor nemo pariatur expedita sed unde.,"AI,Web"
kala.shenoy208@example.com,Weather App,Dolores sequi tenetur debitis voluptate.,"AI,Web"
jalsa.chatterjee209@example.com,AI Chatbot,Aspernatur porro delectus necessitatibus repellat fuga.,"AI,Web"
jasmit.roy210@example.com,AI Chatbot,Aspernatur maxime rem distinctio odit iste dignissimos nulla.,"AI,Web"
aahana.misra211@example.com,Weather App,Repudiandae quos libero magni omnis non.,"AI,Web"
priya.vala212@example.com,Weather App,Culpa quae natus ullam quod.,"AI,Web"
suhani.goswami213@example.com,AI Chatbot,Architecto maiores quam illum laudantium maiores.,"AI,Web"
faras.pal214@example.com,Portal,Ullam aut quasi incidunt aut cum a.,"AI,Web"
jonathan.balay215@example.com,AI Chatbot,Corporis occaecati ipsam suscipit beatae nam.,"AI,Web"
chatura.nagar216@example.com,Weather App,Veniam cum ullam odio omnis voluptatum.,"AI,Web"
zarna.contractor217@example.com,Portal,Illo illum nam animi.,"AI,Web"
damyanti.keer218@example.com,Portal,Nemo nemo iure nisi ipsam.,"AI,Web"
irya.walia219@example.com,AI Chatbot,Id ipsam quas ea.,"AI,Web"
patrick.subramaniam220@example.com,Weather App,Unde itaque eum.,"AI,Web"
vrinda.vaidya221@example.com,Portal,Magni totam deserunt nam qui.,"AI,Web"
elijah.handa222@example.com,Portal,Magnam similique blanditiis error sint temporibus suscipit debitis.,"AI,Web"
benjamin.pandit223@example.com,AI Chatbot,Itaque ipsum molestias.,"AI,Web"
balvan.kannan224@example.com,Portal,Aperiam fugiat ipsam dolorem quos distinctio doloremque.,"AI,Web"
kevin.bhandari225@example.com,Weather App,Dolorem nemo facere provident.,"AI,Web"
dhriti.nayar226@example.com,AI Chatbot,Porro mollitia atque esse mollitia.,"AI,Web"
arunima.bajwa227@example.com,AI Chatbot,Deleniti aut vitae magni.,"AI,Web"
omaja.tella228@example.com,AI Chatbot,Pariatur aperiam possimus fugit quaerat sed delectus animi.,"AI,Web"
charita.gara229@example.com,AI Chatbot,Rerum recusandae cupiditate ipsum saepe.,"AI,Web"
upma.kumar230@example.com,Portal,Itaque facilis sunt veritatis enim excepturi.,"AI,Web"
ojasvi.aggarwal231@example.com,AI Chatbot,Perferendis minima cumque praesentium quidem tenetur vel quas.,"AI,Web"
dalbir.ram232@example.com,Portal,Quidem error eligendi.,"AI,Web"
raagini.mitra233@example.com,Weather App,Ipsam incidunt aliquam odio eligendi sed molestiae.,"AI,Web"
inaya.bumb234@example.com,AI Chatbot,Quae minus eum accusantium quo.,"AI,Web"
pratyush.batra235@example.com,Weather App,Laboriosam corrupti iure eos iure deleniti.,"AI,Web"
chasmum.sengupta236@example.com,AI Chatbot,Placeat eligendi ipsam omnis non.,"AI,Web"
janani.chatterjee237@example.com,Portal,Unde reiciendis optio.,"AI,Web"
pavani.lata238@example.com,AI Chatbot,Dolorem odit facere beatae nulla non.,"AI,Web"
omkaar.bawa239@example.com,Weather App,Eaque recusandae officia quaerat minus.,"AI,Web"
deepa.palla240@example.com,AI Chatbot,Ad dolorum aliquam quas.,"AI,Web"
tamanna.walia241@example.com,AI Chatbot,Autem voluptates dolorem atque enim sequi beatae.,"AI,Web"
rachita.mangal242@example.com,Weather App,Qui dolores doloribus dolorum facere nam.,"AI,Web"
urvi.bath243@example.com,AI Chatbot,Sint doloribus quae enim provident.,"AI,Web"
charvi.mand244@example.com,Portal,Tempora fuga quos sint earum aut suscipit.,"AI,Web"
omya.chaudhry245@example.com,Weather App,Explicabo consequatur architecto alias dolorem tempore pariatur.,"AI,Web"
caleb.loyal246@example.com,Portal,Et cumque assumenda porro veniam.,"AI,Web"
samesh.kala247@example.com,Portal,Minus voluptates quia occaecati magnam.,"AI,Web"
krish.bains248@example.com,AI Chatbot,Delectus quo consectetur labore.,"AI,Web"
ijaya.gala249@example.com,Weather App,Vitae tempore laborum incidunt fuga culpa quam nesciunt.,"AI,Web"
rishi.radhakrishnan250@example.com,Portal,Facere ad praesentium incidunt tempora accusamus voluptas.,"AI,Web"
pooja.natt251@example.com,AI Chatbot,Vel provident ut.,"AI,Web"
vanya.ranganathan252@example.com,AI Chatbot,Illum libero similique sed perspiciatis vitae.,"AI,Web"
zinal.hayer253@example.com,Portal,Excepturi id tempore itaque.,"AI,Web"
om.salvi254@example.com,AI Chatbot,Architecto dolore harum expedita assumenda accusamus.,"AI,Web"
luke.chakrabarti255@example.com,AI Chatbot,Sapiente deleniti omnis enim atque fuga.,"AI,Web"
chatresh.nigam256@example.com,Portal,Culpa provident nam dolore iusto dolor atque distinctio.,"AI,Web"
vincent.chada257@example.com,AI Chatbot,Recusandae saepe blanditiis quos.,"AI,Web"
ekiya.singhal258@example.com,AI Chatbot,Quam provident fuga exercitationem illo quidem.,"AI,Web"
timothy.sibal259@example.com,Weather App,Doloremque soluta molestiae odit.,"AI,Web"
kashish.ghosh260@example.com,Portal,Neque consequatur quisquam.,"AI,Web"
alexander.rastogi261@example.com,AI Chatbot,Doloribus corrupti molestiae neque.,"AI,Web"
adweta.choudhry262@example.com,Weather App,Mollitia repellat dolorem blanditiis dicta nostrum itaque.,"AI,Web"
devika.chana263@example.com,Portal,Doloremque debitis reiciendis officia laborum.,"AI,Web"
harsh.shanker264@example.com,Portal,Sed recusandae eum harum.,"AI,Web"
alka.date265@example.com,Portal,Vero veniam hic officiis modi corrupti temporibus.,"AI,Web"
samesh.natt266@example.com,AI Chatbot,Quae aut harum commodi suscipit nulla ipsam.,"AI,Web"
yashoda.nagi267@example.com,AI Chatbot,Expedita cum tenetur eaque.,"AI,Web"
michael.keer268@example.com,Portal,Aliquid consequuntur reprehenderit dignissimos.,"AI,Web"
jeremiah.batta269@example.com,Portal,Optio quis temporibus ullam voluptatem vitae rem.,"AI,Web"
yashoda.dugar270@example.com,Weather App,Aspernatur mollitia fugit.,"AI,Web"
william.rastogi271@example.com,Portal,Voluptatibus unde facere ducimus aliquid laborum nesciunt.,"AI,Web"
yamini.grover272@example.com,Weather App,Eius exercitationem totam soluta.,"AI,Web"
barkha.kohli273@example.com,Portal,Odit eum incidunt nihil minus illum.,"AI,Web"
ekbal.pradhan274@example.com,Portal,Aut quod deserunt quis.,"AI,Web"
upma.borah275@example.com,Portal,Sunt harum ad.,"AI,Web"
banjeet.kara276@example.com,Weather App,Totam autem consectetur.,"AI,Web"
deepa.dhillon277@example.com,Weather App,Numquam cum quae ipsa ullam.,"AI,Web"
sai.mall278@example.com,Weather App,Nostrum laborum voluptatum hic suscipit quae illo beatae.,"AI,Web"
shivani.lata279@example.com,Weather App,Vel numquam impedit nesciunt sint quae cupiditate.,"AI,Web"
madhav.master280@example.com,AI Chatbot,Iste sequi odit.,"AI,Web"
jagvi.gole281@example.com,AI Chatbot,Porro consequuntur quia ratione perspiciatis animi illo.,"AI,Web"
vihaan.subramanian282@example.com,AI Chatbot,Ab pariatur molestias deserunt.,"AI,Web"
vincent.comar283@example.com,AI Chatbot,Neque repellendus odit praesentium doloribus.,"AI,Web"
suhani.vyas284@example.com,Weather App,Corrupti eveniet accusamus quod tempora minus labore.,"AI,Web"
vritti.raja285@example.com,Weather App,Ab fugit nam quidem cumque voluptatem.,"AI,Web"
ekta.badami286@example.com,Weather App,Rerum corrupti esse rerum recusandae ipsa sint voluptatibus.,"AI,Web"
samar.sha287@example.com,Weather App,Aut sed nemo hic.,"AI,Web"
varsha.ben288@example.com,Weather App,Sequi perspiciatis a debitis culpa hic.,"AI,Web"
jack.barman289@example.com,Portal,Ab sint enim dolore illum vitae.,"AI,Web"
bimala.om290@example.com,Weather App,Dolorem provident voluptate.,"AI,Web"
yashawini.ben291@example.com,Weather App,Repellat ad ea aspernatur natus.,"AI,Web"
saumya.dar292@example.com,AI Chatbot,Doloribus impedit eveniet eaque ratione.,"AI,Web"
harsh.keer293@example.com,Portal,Repellendus et eos optio dolor rerum.,"AI,Web"
krishna.sur294@example.com,Portal,Voluptates fugit accusantium quos repudiandae.,"AI,Web"
mohini.ratti295@example.com,AI Chatbot,Sapiente repellat quisquam fugiat maxime pariatur voluptatem.,"AI,Web"
hema.karan296@example.com,Portal,Ullam illum architecto esse.,"AI,Web"
rachita.saha297@example.com,Weather App,Velit vero velit.,"AI,Web"
peter.raja298@example.com,AI Chatbot,Aliquam quis accusamus neque exercitationem aspernatur qui.,"AI,Web"
devansh.kade299@example.com,Weather App,Illo aliquam recusandae eligendi maiores.,"AI,Web"
rajeshri.gopal300@example.com,AI Chatbot,Similique similique itaque ex itaque.,"AI,Web"
nikita.seth301@example.com,AI Chatbot,Quisquam laudantium dolorum sequi itaque.,"AI,Web"
reyansh.narang302@example.com,Portal,Incidunt repellendus voluptate voluptate.,"AI,Web"
advay.peri303@example.com,Portal,Quos cumque odit optio vero odit.,"AI,Web"
gauri.luthra304@example.com,AI Chatbot,Ipsum vero vitae occaecati.,"AI,Web"
pratyush.d’alia305@example.com,Weather App,Accusantium accusantium expedita nam.,"AI,Web"
pooja.pillay306@example.com,Portal,Dolore odio culpa optio rem eligendi tenetur beatae.,"AI,Web"
kamya.sawhney307@example.com,Weather App,Voluptatibus dicta quis accusamus vel sint consequuntur.,"AI,Web"
indali.talwar308@example.com,Portal,Nulla nisi quasi culpa similique impedit.,"AI,Web"
oeshi.modi309@example.com,AI Chatbot,Doloremque porro incidunt rem eveniet provident necessitatibus similique.,"AI,Web"
gautam.rastogi310@example.com,Portal,Doloremque qui ex ipsam aperiam repellendus voluptatibus.,"AI,Web"
abhimanyu.subramaniam311@example.com,Weather App,Repellendus blanditiis blanditiis necessitatibus unde iusto alias.,"AI,Web"
vamakshi.mand312@example.com,Weather App,Repellendus nesciunt sunt pariatur provident adipisci.,"AI,Web"
vamakshi.toor313@example.com,AI Chatbot,Eius necessitatibus natus in exercitationem.,"AI,Web"
praneel.deshpande314@example.com,Weather App,Perferendis recusandae vitae occaecati.,"AI,Web"
raksha.mahal315@example.com,AI Chatbot,Qui nemo doloribus quasi nostrum.,"AI,Web"
mekhala.bala316@example.com,AI Chatbot,Pariatur ratione repudiandae dolor doloribus eius architecto.,"AI,Web"
ekalinga.bir317@example.com,Portal,Esse in dolore cupiditate cumque soluta.,"AI,Web"
jacob.madan318@example.com,Portal,Et doloribus sunt libero alias doloribus dicta autem.,"AI,Web"
isha.suri319@example.com,AI Chatbot,Adipisci natus sit in ipsum.,"AI,Web"
jagat.muni320@example.com,Weather App,In ut minus distinctio optio ipsam sint nulla.,"AI,Web"
ranveer.bakshi321@example.com,AI Chatbot,Esse modi placeat sapiente quo error.,"AI,Web"
ridhi.bora322@example.com,AI Chatbot,Sint velit earum a modi dolorem architecto.,"AI,Web"
jagdish.lalla323@example.com,Portal,Amet minima necessitatibus quidem quo temporibus adipisci.,"AI,Web"
hredhaan.dhar324@example.com,AI Chatbot,Quod quod quam culpa quae.,"AI,Web"
gaurika.aggarwal325@example.com,Portal,Repellendus aliquam ipsam vel suscipit vero expedita.,"AI,Web"
jagvi.nigam326@example.com,AI Chatbot,Magni unde vero ad dignissimos.,"AI,Web"
sneha.kunda327@example.com,Weather App,Suscipit amet nemo sunt.,"AI,Web"
zehaan.dutta328@example.com,Portal,Nemo molestiae in voluptatum inventore.,"AI,Web"
girish.murty329@example.com,Portal,Optio eos ullam dolores amet.,"AI,Web"
rajata.pau330@example.com,AI Chatbot,Doloribus beatae placeat libero.,"AI,Web"
saksham.deol331@example.com,Portal,Accusantium laborum a necessitatibus quae.,"AI,Web"
logan.keer332@example.com,Weather App,Deleniti sapiente porro.,"AI,Web"
harshil.chadha333@example.com,Weather App,Deleniti eligendi odit odio.,"AI,Web"
mugdha.tank334@example.com,Weather App,Ullam provident eius voluptatem nostrum.,"AI,Web"
vasana.bail335@example.com,Weather App,A voluptates velit iusto placeat voluptatem architecto.,"AI,Web"
chaitanya.pandey336@example.com,AI Chatbot,Debitis delectus magni tempore consequuntur amet.,"AI,Web"
sneha.chada337@example.com,AI Chatbot,Dolorum impedit eligendi modi illum officia.,"AI,Web"
suhani.pai338@example.com,AI Chatbot,Minima molestias illum nulla.,"AI,Web"
bhanumati.din339@example.com,Weather App,Consequuntur laborum minima odit.,"AI,Web"
joshua.bhat340@example.com,AI Chatbot,Numquam odio vel hic culpa.,"AI,Web"
zayyan.narula341@example.com,Weather App,Praesentium quam quia illo suscipit magni.,"AI,Web"
chameli.warrior342@example.com,Portal,Nemo officiis nesciunt.,"AI,Web"
aarav.bose343@example.com,AI Chatbot,Dolor nulla illum minima incidunt laborum.,"AI,Web"
bhavya.kuruvilla344@example.com,AI Chatbot,Aliquam doloremque quo facere magni ratione accusamus.,"AI,Web"
ishani.sahota345@example.com,AI Chatbot,Cupiditate necessitatibus exercitationem.,"AI,Web"
bhanumati.halder346@example.com,Portal,Harum totam facilis temporibus.,"AI,Web"
gauri.gupta347@example.com,Weather App,Dolores blanditiis facilis consequatur voluptatum porro quibusdam ipsa.,"AI,Web"
lucky.nigam348@example.com,AI Chatbot,Excepturi itaque enim quibusdam minima eaque facilis.,"AI,Web"
tanmayi.sandhu349@example.com,Portal,Neque aut minus.,"AI,Web"
dayamai.arya350@example.com,Weather App,Voluptatum voluptas itaque laboriosam repellendus.,"AI,Web"
keya.jha351@example.com,Weather App,Provident ut sunt eveniet.,"AI,Web"
vincent.sundaram352@example.com,AI Chatbot,Perspiciatis tempore incidunt nisi repellendus.,"AI,Web"
alexander.gola353@example.com,Weather App,Optio incidunt eum nihil autem eaque temporibus.,"AI,Web"
shaurya.verma354@example.com,Weather App,Architecto consequatur et placeat aspernatur nemo corporis.,"AI,Web"
vansha.sami355@example.com,Portal,Commodi maxime nobis sequi ea commodi id laborum.,"AI,Web"
siddharth.nair356@example.com,Portal,Ullam iste ipsum.,"AI,Web"
bhavna.mohanty357@example.com,Weather App,Voluptatibus exercitationem eum culpa hic provident.,"AI,Web"
bhavini.acharya358@example.com,AI Chatbot,Illum accusantium exercitationem odio dignissimos quaerat.,"AI,Web"
harinakshi.das359@example.com,Weather App,Hic rerum dignissimos.,"AI,Web"
anvi.raju360@example.com,Weather App,Unde enim eveniet ab quo.,"AI,Web"
garima.mand361@example.com,Portal,Beatae deleniti tempora.,"AI,Web"
sachi.kalla362@example.com,Portal,Cumque vel neque nam.,"AI,Web"
tanay.bhargava363@example.com,Weather App,Dolor odit sunt.,"AI,Web"
aadi.kunda364@example.com,Portal,Dignissimos nobis sequi praesentium dolores at.,"AI,Web"
jonathan.nadig365@example.com,AI Chatbot,Excepturi mollitia quas consequatur blanditiis recusandae.,"AI,Web"
jonathan.manne366@example.com,Weather App,Consectetur quis vero accusamus atque qui quibusdam ullam.,"AI,Web"
anmol.date367@example.com,Weather App,Eius nulla vitae laudantium quasi incidunt consectetur consequatur.,"AI,Web"
yug.deo368@example.com,AI Chatbot,Nemo ullam architecto amet aut occaecati delectus eaque.,"AI,Web"
adya.anand369@example.com,Weather App,Repudiandae recusandae assumenda pariatur odit asperiores magnam.,"AI,Web"
vritti.krishnan370@example.com,Portal,Occaecati omnis aspernatur qui perspiciatis pariatur laborum.,"AI,Web"
gaurav.bava371@example.com,AI Chatbot,Repudiandae facilis illum dicta iste.,"AI,Web"
rajata.chakraborty372@example.com,Weather App,Occaecati deleniti doloremque ipsam iste nobis facere modi.,"AI,Web"
nirja.bakshi373@example.com,AI Chatbot,Aliquid provident porro.,"AI,Web"
orinder.chana374@example.com,Weather App,Sequi itaque laboriosam quae.,"AI,Web"
anirudh.kanda375@example.com,Portal,Provident atque officiis adipisci corporis.,"AI,Web"
ishita.prasad376@example.com,Portal,Ullam ipsum voluptatum libero est ab ad.,"AI,Web"
hemang.varty377@example.com,Weather App,Necessitatibus eaque necessitatibus earum.,"AI,Web"
aarini.hayre378@example.com,Portal,Aperiam asperiores quas soluta.,"AI,Web"
eiravati.doctor379@example.com,Portal,Asperiores quae impedit aut a suscipit veritatis.,"AI,Web"
charita.bhagat380@example.com,Portal,Ut quod similique sed odio nesciunt sequi error.,"AI,Web"
vrinda.sabharwal381@example.com,Weather App,Suscipit alias laborum ullam facere facilis.,"AI,Web"
libni.rai382@example.com,AI Chatbot,Doloremque eligendi aliquam.,"AI,Web"
meera.bhatnagar383@example.com,Weather App,Quo adipisci incidunt quis nobis ea iure sint.,"AI,Web"
chakradhar.sheth384@example.com,AI Chatbot,Facere quae occaecati sequi nam occaecati eum.,"AI,Web"
hemani.bhatnagar385@example.com,AI Chatbot,Quisquam aspernatur fugit.,"AI,Web"
nimrat.mutti386@example.com,Portal,Nemo itaque dolorem corporis voluptatem.,"AI,Web"
osha.lalla387@example.com,Portal,Animi numquam suscipit excepturi illo omnis iusto.,"AI,Web"
amara.keer388@example.com,AI Chatbot,Nihil deserunt vel reprehenderit ex vel rerum.,"AI,Web"
falak.hegde389@example.com,AI Chatbot,Officiis molestias odio eius non molestiae beatae.,"AI,Web"
chakradev.sarma390@example.com,Weather App,Dicta dolorem ullam ipsum doloremque quam.,"AI,Web"
isaac.biswas391@example.com,AI Chatbot,Unde ut dolores qui sequi iste atque.,"AI,Web"
nilima.luthra392@example.com,Portal,Ex beatae quidem ullam.,"AI,Web"
nidhi.dora393@example.com,AI Chatbot,Porro optio ipsam tempora minus quasi minus.,"AI,Web"
qasim.shankar394@example.com,Portal,Earum facere accusamus excepturi numquam corrupti.,"AI,Web"
yamini.soman395@example.com,Weather App,Pariatur quibusdam corporis.,"AI,Web"
utkarsh.goel396@example.com,AI Chatbot,Odio sequi neque quas repellat veritatis.,"AI,Web"
ekaraj.deo397@example.com,AI Chatbot,Occaecati omnis molestias porro.,"AI,Web"
vyanjana.goyal398@example.com,Weather App,Fugit laboriosam expedita perferendis dolores libero cum laudantium.,"AI,Web"
kritika.dubey399@example.com,Portal,Blanditiis eos magni nostrum voluptate a et.,"AI,Web"
kashish.lata400@example.com,AI Chatbot,Ea unde impedit dicta.,"AI,Web"
ayushman.majumdar401@example.com,Weather App,Accusantium officia eius.,"AI,Web"
jairaj.bhatti402@example.com,Weather App,Odio eum non voluptatum explicabo.,"AI,Web"
qushi.chhabra403@example.com,AI Chatbot,Temporibus esse veniam laudantium expedita.,"AI,Web"
avi.sahni404@example.com,Weather App,Aspernatur ipsum dolores perferendis deleniti sequi quasi corrupti.,"AI,Web"
yuvraj.sabharwal405@example.com,Weather App,Consequatur laborum adipisci deserunt.,"AI,Web"
om.anne406@example.com,AI Chatbot,Sunt voluptates commodi ducimus deserunt.,"AI,Web"
warjas.ranganathan407@example.com,Weather App,Odit quae accusamus autem voluptatem.,"AI,Web"
maya.contractor408@example.com,Weather App,Alias sed voluptatibus rerum error.,"AI,Web"
eesha.ben409@example.com,AI Chatbot,Asperiores doloremque repudiandae explicabo deserunt at incidunt.,"AI,Web"
varsha.golla410@example.com,AI Chatbot,Magnam voluptas nobis ea.,"AI,Web"
yashoda.kota411@example.com,Portal,Repudiandae in adipisci non.,"AI,Web"
advay.tank412@example.com,Weather App,Adipisci incidunt repellat ut facilis saepe.,"AI,Web"
meghana.batra413@example.com,Portal,Labore inventore velit necessitatibus iusto ratione.,"AI,Web"
mahika.krish414@example.com,Weather App,Quaerat officiis laborum quia illum totam non.,"AI,Web"
onveer.varty415@example.com,AI Chatbot,Reprehenderit voluptatem quia odio.,"AI,Web"
ganga.patla416@example.com,Portal,Quam numquam maiores rerum ipsam expedita repellendus.,"AI,Web"
harrison.din417@example.com,AI Chatbot,Voluptatem cumque minus magni velit.,"AI,Web"
yahvi.dyal418@example.com,Portal,Facere blanditiis animi enim.,"AI,Web"
manbir.chana419@example.com,Weather App,Nisi libero est similique tenetur voluptatum.,"AI,Web"
vivaan.mitter420@example.com,Weather App,Sint culpa quo saepe necessitatibus sequi.,"AI,Web"
max.more421@example.com,AI Chatbot,Impedit non quibusdam explicabo est.,"AI,Web"
yahvi.raju422@example.com,Weather App,Distinctio sint modi ipsa perspiciatis at quisquam iste.,"AI,Web"
keya.dave423@example.com,Portal,Labore inventore dolores mollitia expedita asperiores distinctio.,"AI,Web"
nidra.prakash424@example.com,Portal,Veniam cupiditate aliquam ratione excepturi harum mollitia.,"AI,Web"
meera.natarajan425@example.com,Weather App,Labore fugiat nulla eos repellat ad.,"AI,Web"
chanakya.sodhi426@example.com,Weather App,Esse ex perferendis et.,"AI,Web"
falak.upadhyay427@example.com,AI Chatbot,Saepe totam impedit reprehenderit rerum.,"AI,Web"
arya.saini428@example.com,Weather App,Aperiam nam fugit nulla doloribus id.,"AI,Web"
dalbir.viswanathan429@example.com,AI Chatbot,Autem facilis ut eos unde impedit.,"AI,Web"
rudra.pandya430@example.com,Weather App,Veritatis voluptatum corrupti voluptatem.,"AI,Web"
vedhika.pant431@example.com,Portal,Dignissimos iste expedita consequuntur culpa.,"AI,Web"
nidhi.krishna432@example.com,AI Chatbot,Labore est molestiae architecto.,"AI,Web"
darika.malhotra433@example.com,Portal,Amet nesciunt et occaecati dicta molestias.,"AI,Web"
kiaan.venkatesh434@example.com,AI Chatbot,Perferendis assumenda cupiditate reprehenderit.,"AI,Web"
avi.palan435@example.com,Portal,Et aut reiciendis fugiat.,"AI,Web"
vaishnavi.deshpande436@example.com,Weather App,Cum eius nobis et quos architecto possimus.,"AI,Web"
jagdish.shan437@example.com,Portal,Corporis necessitatibus maiores reprehenderit repellat pariatur.,"AI,Web"
dakshesh.dhingra438@example.com,Weather App,Animi doloribus eos maiores inventore cupiditate voluptatibus.,"AI,Web"
aadhya.thakur439@example.com,Portal,Sunt illum qui velit quo ex veritatis.,"AI,Web"
anvi.shukla440@example.com,Portal,Quas autem hic autem ab assumenda.,"AI,Web"
hema.prashad441@example.com,AI Chatbot,Error nam facilis natus ea odio numquam.,"AI,Web"
chasmum.lanka442@example.com,AI Chatbot,Laboriosam ipsam commodi maxime modi dolore.,"AI,Web"
samarth.sethi443@example.com,AI Chatbot,Modi est ipsam iste eum.,"AI,Web"
lakshmi.banik444@example.com,Weather App,Porro corrupti eveniet recusandae facere doloremque quae.,"AI,Web"
harini.prabhakar445@example.com,Weather App,Quas quidem possimus minima.,"AI,Web"
yamini.manne446@example.com,Weather App,Explicabo quidem suscipit totam.,"AI,Web"
ansh.behl447@example.com,AI Chatbot,Impedit cupiditate autem numquam vitae.,"AI,Web"
liam.gupta448@example.com,Portal,Tenetur doloribus excepturi tempora consequatur.,"AI,Web"
leela.mohan449@example.com,Portal,Mollitia eaque sint eos ab quos repudiandae.,"AI,Web"
pahal.andra450@example.com,Portal,Accusamus omnis nesciunt repellendus tempore.,"AI,Web"
darsh.aggarwal451@example.com,Portal,Cupiditate rerum odit ab.,"AI,Web"
siya.gaba452@example.com,Portal,Adipisci a consequatur cumque amet dignissimos alias.,"AI,Web"
shivansh.sathe453@example.com,AI Chatbot,Culpa corporis rem provident sint excepturi.,"AI,Web"
daksha.sane454@example.com,AI Chatbot,Error ducimus ab culpa laboriosam qui.,"AI,Web"
upasna.minhas455@example.com,AI Chatbot,Id ad magni ut.,"AI,Web"
sanya.mutti456@example.com,Weather App,Cumque unde eaque doloremque alias quaerat.,"AI,Web"
rudra.deol457@example.com,AI Chatbot,Officia fugiat laboriosam eius exercitationem delectus reiciendis inventore.,"AI,Web"
osha.soni458@example.com,Weather App,Delectus vel beatae aperiam.,"AI,Web"
manthan.dasgupta459@example.com,Portal,Enim necessitatibus officia sapiente quas totam eum.,"AI,Web"
dalaja.ahuja460@example.com,AI Chatbot,Exercitationem inventore temporibus iusto unde ipsam dolorum.,"AI,Web"
inaya.vora461@example.com,AI Chatbot,Dolore fugit eveniet vitae.,"AI,Web"
jagdish.radhakrishnan462@example.com,AI Chatbot,Placeat minus veniam dicta assumenda.,"AI,Web"
anya.kashyap463@example.com,Portal,Magni iusto consequuntur ab porro reiciendis illum.,"AI,Web"
anvi.bajaj464@example.com,Weather App,Occaecati expedita voluptatum accusamus vero.,"AI,Web"
vedika.trivedi465@example.com,AI Chatbot,Rem mollitia eius libero.,"AI,Web"
harrison.mandal466@example.com,AI Chatbot,Eius laudantium fugit vitae dignissimos corrupti nisi.,"AI,Web"
matthew.raman467@example.com,Portal,Excepturi consequatur itaque rem sapiente illum quibusdam.,"AI,Web"
urvashi.kibe468@example.com,Weather App,Quo veritatis facere tenetur.,"AI,Web"
jhalak.sankaran469@example.com,Portal,Debitis eius placeat eligendi laborum.,"AI,Web"
gagan.babu470@example.com,Portal,Pariatur fugiat ad facilis temporibus praesentium numquam.,"AI,Web"
qadim.banerjee471@example.com,AI Chatbot,Alias nulla commodi totam veritatis enim itaque.,"AI,Web"
jackson.narayanan472@example.com,Portal,Voluptate labore corporis perspiciatis similique.,"AI,Web"
aradhana.dhar473@example.com,AI Chatbot,Ex debitis ea laudantium.,"AI,Web"
qadim.bath474@example.com,Portal,Quam velit placeat aperiam numquam est.,"AI,Web"
chandani.hayer475@example.com,Portal,Blanditiis hic totam necessitatibus commodi.,"AI,Web"
aadhya.gopal476@example.com,AI Chatbot,Cumque ab debitis tempore.,"AI,Web"
dipta.mander477@example.com,Portal,Velit incidunt in fuga laborum ullam nisi ratione.,"AI,Web"
ekapad.radhakrishnan478@example.com,AI Chatbot,Aliquid sint quis officiis velit veritatis quaerat.,"AI,Web"
arunima.sankar479@example.com,AI Chatbot,Quis asperiores cumque aut repellendus ad.,"AI,Web"
yutika.sandhu480@example.com,Portal,Veniam ipsam eum non doloremque.,"AI,Web"
ekapad.ramachandran481@example.com,Portal,Incidunt voluptate dolorem.,"AI,Web"
abha.talwar482@example.com,Weather App,Corrupti animi repellat dolores reiciendis.,"AI,Web"
warda.mohanty483@example.com,Weather App,Nihil ullam possimus quo.,"AI,Web"
ikshita.bir484@example.com,AI Chatbot,Voluptatem ex fugiat aliquid.,"AI,Web"
fitan.palla485@example.com,Portal,Pariatur architecto vero eligendi.,"AI,Web"
mugdha.ramachandran486@example.com,AI Chatbot,Perspiciatis eius commodi iusto mollitia dicta.,"AI,Web"
arya.sunder487@example.com,AI Chatbot,Beatae delectus natus et repudiandae voluptate libero.,"AI,Web"
abha.grover488@example.com,Portal,Itaque veritatis tempora quis illo.,"AI,Web"
noah.agate489@example.com,Portal,Quibusdam consectetur quam dolores.,"AI,Web"
kamya.gour490@example.com,AI Chatbot,Consequatur blanditiis ipsum distinctio.,"AI,Web"
vivaan.shanker491@example.com,AI Chatbot,Molestias doloremque hic saepe ipsam.,"AI,Web"
vritti.de492@example.com,Weather App,Ducimus laborum voluptatem debitis quae.,"AI,Web"
mohini.bal493@example.com,AI Chatbot,Incidunt ut distinctio adipisci.,"AI,Web"
akshay.pandey494@example.com,Portal,Eos enim consequuntur.,"AI,Web"
amrita.anne495@example.com,Weather App,Quam nesciunt nostrum porro eligendi.,"AI,Web"
aradhana.more496@example.com,Portal,Repudiandae ab explicabo sint.,"AI,Web"
sanya.ram497@example.com,Weather App,Totam voluptatum voluptates sapiente impedit dignissimos totam.,"AI,Web"
hemang.goyal498@example.com,AI Chatbot,Saepe doloribus illo aperiam reprehenderit explicabo ab.,"AI,Web"
fariq.nayak499@example.com,AI Chatbot,Voluptatibus ratione quisquam.,"AI,Web"
