student_email,certificate_name,issuer
thomas.kapadia0@example.com,Python,Coursera
ekaraj.uppal1@example.com,Python,Coursera
aadhya.zachariah2@example.com,Python,Coursera
samarth.grewal3@example.com,Python,Coursera
gayathri.shan4@example.com,Python,Coursera
janya.maharaj5@example.com,Python,Coursera
keya.dey6@example.com,Python,Coursera
yashvi.nadkarni7@example.com,Python,Coursera
faris.doshi8@example.com,Python,Coursera
liam.atwal9@example.com,Python,Coursera
ansh.murty10@example.com,Python,Coursera
pooja.divan11@example.com,Python,Coursera
chanakya.lala12@example.com,Python,Coursera
ubika.kumer13@example.com,Python,Coursera
anthony.mukhopadhyay14@example.com,Python,Coursera
rehaan.krishnamurthy15@example.com,Python,Coursera
isaac.lad16@example.com,Python,Coursera
charita.mutti17@example.com,Python,Coursera
yuvraj.modi18@example.com,Python,Coursera
upkaar.devan19@example.com,Python,Coursera
indira.seth20@example.com,Python,Coursera
waida.doshi21@example.com,Python,Coursera
panini.konda22@example.com,Python,Coursera
sathvik.rao23@example.com,Python,Coursera
oscar.karpe24@example.com,Python,Coursera
agastya.suresh25@example.com,Python,Coursera
umang.dani26@example.com,Python,Coursera
mohammed.parsa27@example.com,Python,Coursera
vasudha.lalla28@example.com,Python,Coursera
siya.patla29@example.com,Python,Coursera
leela.master30@example.com,Python,Coursera
omkaar.vora31@example.com,Python,Coursera
manbir.mitra32@example.com,Python,Coursera
brijesh.nagy33@example.com,Python,Coursera
akshay.sur34@example.com,Python,Coursera
ryan.tank35@example.com,Python,Coursera
geetika.merchant36@example.com,Python,Coursera
abhimanyu.gara37@example.com,Python,Coursera
ubika.gola38@example.com,Python,Coursera
harrison.dugar39@example.com,Python,Coursera
saumya.gour40@example.com,Python,Coursera
hema.hayre41@example.com,Python,Coursera
lipika.parsa42@example.com,Python,Coursera
aarush.sur43@example.com,Python,Coursera
baljiwan.goswami44@example.com,Python,Coursera
vedhika.banik45@example.com,Python,Coursera
ayaan.chahal46@example.com,Python,Coursera
hemani.rout47@example.com,Python,Coursera
michael.dara48@example.com,Python,Coursera
jairaj.rajan49@example.com,Python,Coursera
chanakya.bhardwaj50@example.com,Python,Coursera
ekalinga.contractor51@example.com,Python,Coursera
ethan.balasubramanian52@example.com,Python,Coursera
zayyan.sur53@example.com,Python,Coursera
pallavi.prabhakar54@example.com,Python,Coursera
wazir.deshpande55@example.com,Python,Coursera
ojas.mannan56@example.com,Python,Coursera
indali.dave57@example.com,Python,Coursera
amara.sarin58@example.com,Python,Coursera
hardik.kota59@example.com,Python,Coursera
onkar.bhavsar60@example.com,Python,Coursera
siddharth.barad61@example.com,Python,Coursera
bhavika.radhakrishnan62@example.com,Python,Coursera
ethan.gala63@example.com,Python,Coursera
bimala.suresh64@example.com,Python,Coursera
chanchal.manda65@example.com,Python,Coursera
gaurangi.banerjee66@example.com,Python,Coursera
aashi.nayak67@example.com,Python,Coursera
eta.mander68@example.com,Python,Coursera
ayush.jani69@example.com,Python,Coursera
chavvi.kade70@example.com,Python,Coursera
veda.brar71@example.com,Python,Coursera
arjun.bandi72@example.com,Python,Coursera
varenya.prabhakar73@example.com,Python,Coursera
tanish.kaul74@example.com,Python,Coursera
tamanna.bhat75@example.com,Python,Coursera
chameli.parmer76@example.com,Python,Coursera
ganga.bava77@example.com,Python,Coursera
balendra.raman78@example.com,Python,Coursera
rehaan.khurana79@example.com,Python,Coursera
darika.taneja80@example.com,Python,Coursera
timothy.kala81@example.com,Python,Coursera
vinaya.wason82@example.com,Python,Coursera
turvi.borde83@example.com,Python,Coursera
henry.gopal84@example.com,Python,Coursera
sai.prabhu85@example.com,Python,Coursera
victor.upadhyay86@example.com,Python,Coursera
falan.dalal87@example.com,Python,Coursera
neelima.datta88@example.com,Python,Coursera
oeshi.pathak89@example.com,Python,Coursera
chanchal.dora90@example.com,Python,Coursera
finn.master91@example.com,Python,Coursera
timothy.kaul92@example.com,Python,Coursera
wyatt.batra93@example.com,Python,Coursera
chaaya.shenoy94@example.com,Python,Coursera
lopa.parmer95@example.com,Python,Coursera
matthew.raju96@example.com,Python,Coursera
abdul.upadhyay97@example.com,Python,Coursera
abhiram.wadhwa98@example.com,Python,Coursera
ubika.sankaran99@example.com,Python,Coursera
ekiya.jhaveri100@example.com,Python,Coursera
yasti.krish101@example.com,Python,Coursera
anita.dhillon102@example.com,Python,Coursera
hema.rastogi103@example.com,Python,Coursera
suhani.dutt104@example.com,Python,Coursera
gautam.kari105@example.com,Python,Coursera
eta.prabhu106@example.com,Python,Coursera
avni.sinha107@example.com,Python,Coursera
onveer.hayer108@example.com,Python,Coursera
praneel.ganesan109@example.com,Python,Coursera
rudra.kala110@example.com,Python,Coursera
hardik.buch111@example.com,Python,Coursera
irya.wadhwa112@example.com,Python,Coursera
xiti.vora113@example.com,Python,Coursera
divya.sridhar114@example.com,Python,Coursera
gunbir.dyal115@example.com,Python,Coursera
warinder.kant116@example.com,Python,Coursera
chanakya.batra117@example.com,Python,Coursera
ayushman.bhatia118@example.com,Python,Coursera
mohammed.sachdeva119@example.com,Python,Coursera
chanchal.acharya120@example.com,Python,Coursera
dayita.bhalla121@example.com,Python,Coursera
krisha.apte122@example.com,Python,Coursera
radhika.nair123@example.com,Python,Coursera
agastya.padmanabhan124@example.com,Python,Coursera
pratyush.kalita125@example.com,Python,Coursera
pranav.jain126@example.com,Python,Coursera
urvashi.bansal127@example.com,Python,Coursera
indali.bains128@example.com,Python,Coursera
anusha.anne129@example.com,Python,Coursera
pushti.jha130@example.com,Python,Coursera
anmol.narasimhan131@example.com,Python,Coursera
ryan.dhar132@example.com,Python,Coursera
brinda.dara133@example.com,Python,Coursera
divya.salvi134@example.com,Python,Coursera
farhan.comar135@example.com,Python,Coursera
lajita.minhas136@example.com,Python,Coursera
widisha.gole137@example.com,Python,Coursera
rehaan.padmanabhan138@example.com,Python,Coursera
eta.magar139@example.com,Python,Coursera
sanaya.khurana140@example.com,Python,Coursera
panini.parmar141@example.com,Python,Coursera
vaishnavi.kala142@example.com,Python,Coursera
bhavini.nagy143@example.com,Python,Coursera
bhavika.banik144@example.com,Python,Coursera
xalak.madan145@example.com,Python,Coursera
gayathri.bose146@example.com,Python,Coursera
dipta.khanna147@example.com,Python,Coursera
nilima.merchant148@example.com,Python,Coursera
viraj.sama149@example.com,Python,Coursera
chaitanya.basu150@example.com,Python,Coursera
ojasvi.dugar151@example.com,Python,Coursera
champak.padmanabhan152@example.com,Python,Coursera
vihaan.balay153@example.com,Python,Coursera
darpan.mutti154@example.com,Python,Coursera
zinal.trivedi155@example.com,Python,Coursera
lakshit.kadakia156@example.com,Python,Coursera
yauvani.chaudhry157@example.com,Python,Coursera
aarna.patla158@example.com,Python,Coursera
keya.natarajan159@example.com,Python,Coursera
forum.bala160@example.com,Python,Coursera
wahab.murthy161@example.com,Python,Coursera
aadi.warrior162@example.com,Python,Coursera
kashvi.rastogi163@example.com,Python,Coursera
azaan.issac164@example.com,Python,Coursera
ganga.das165@example.com,Python,Coursera
nisha.thakur166@example.com,Python,Coursera
eesha.kalla167@example.com,Python,Coursera
ekansh.comar168@example.com,Python,Coursera
shivansh.bains169@example.com,Python,Coursera
tejas.wason170@example.com,Python,Coursera
maya.sengupta171@example.com,Python,Coursera
falan.malhotra172@example.com,Python,Coursera
pahal.raju173@example.com,Python,Coursera
balveer.jani174@example.com,Python,Coursera
ayaan.kapoor175@example.com,Python,Coursera
kritika.pall176@example.com,Python,Coursera
lipika.bahri177@example.com,Python,Coursera
xiti.sami178@example.com,Python,Coursera
kashvi.kaur179@example.com,Python,Coursera
rachita.sengupta180@example.com,Python,Coursera
hritik.ben181@example.com,Python,Coursera
balvan.sheth182@example.com,Python,Coursera
balhaar.bala183@example.com,Python,Coursera
guneet.cherian184@example.com,Python,Coursera
parth.mani185@example.com,Python,Coursera
raksha.raju186@example.com,Python,Coursera
shivansh.kara187@example.com,Python,Coursera
vrinda.kapoor188@example.com,Python,Coursera
pavani.tak189@example.com,Python,Coursera
zarna.rege190@example.com,Python,Coursera
anjali.prasad191@example.com,Python,Coursera
advay.bath192@example.com,Python,Coursera
ojasvi.bumb193@example.com,Python,Coursera
nitara.misra194@example.com,Python,Coursera
onveer.ray195@example.com,Python,Coursera
logan.johal196@example.com,Python,Coursera
mitali.handa197@example.com,Python,Coursera
benjamin.konda198@example.com,Python,Coursera
bakhshi.lad199@example.com,Python,Coursera
jagat.vyas200@example.com,Python,Coursera
vedhika.singh201@example.com,Python,Coursera
dakshesh.deshmukh202@example.com,Python,Coursera
gaurika.borde203@example.com,Python,Coursera
balhaar.kohli204@example.com,Python,Coursera
jyoti.kapadia205@example.com,Python,Coursera
ronith.sen206@example.com,Python,Coursera
wahab.shroff207@example.com,Python,Coursera
kala.shenoy208@example.com,Python,Coursera
jalsa.chatterjee209@example.com,Python,Coursera
jasmit.roy210@example.com,Python,Coursera
aahana.misra211@example.com,Python,Coursera
priya.vala212@example.com,Python,Coursera
suhani.goswami213@example.com,Python,Coursera
faras.pal214@example.com,Python,Coursera
jonathan.balay215@example.com,Python,Coursera
chatura.nagar216@example.com,Python,Coursera
zarna.contractor217@example.com,Python,Coursera
damyanti.keer218@example.com,Python,Coursera
irya.walia219@example.com,Python,Coursera
patrick.subramaniam220@example.com,Python,Coursera
vrinda.vaidya221@example.com,Python,Coursera
elijah.handa222@example.com,Python,Coursera
benjamin.pandit223@example.com,Python,Coursera
balvan.kannan224@example.com,Python,Coursera
kevin.bhandari225@example.com,Python,Coursera
dhriti.nayar226@example.com,Python,Coursera
arunima.bajwa227@example.com,Python,Coursera
omaja.tella228@example.com,Python,Coursera
charita.gara229@example.com,Python,Coursera
upma.kumar230@example.com,Python,Coursera
ojasvi.aggarwal231@example.com,Python,Coursera
dalbir.ram232@example.com,Python,Coursera
raagini.mitra233@example.com,Python,Coursera
inaya.bumb234@example.com,Python,Coursera
pratyush.batra235@example.com,Python,Coursera
chasmum.sengupta236@example.com,Python,Coursera
janani.chatterjee237@example.com,Python,Coursera
pavani.lata238@example.com,Python,Coursera
omkaar.bawa239@example.com,Python,Coursera
deepa.palla240@example.com,Python,Coursera
tamanna.walia241@example.com,Python,Coursera
rachita.mangal242@example.com,Python,Coursera
urvi.bath243@example.com,Python,Coursera
charvi.mand244@example.com,Python,Coursera
omya.chaudhry245@example.com,Python,Coursera
caleb.loyal246@example.com,Python,Coursera
samesh.kala247@example.com,Python,Coursera
krish.bains248@example.com,Python,Coursera
ijaya.gala249@example.com,Python,Coursera
rishi.radhakrishnan250@example.com,Python,Coursera
pooja.natt251@example.com,Python,Coursera
vanya.ranganathan252@example.com,Python,Coursera
zinal.hayer253@example.com,Python,Coursera
om.salvi254@example.com,Python,Coursera
luke.chakrabarti255@example.com,Python,Coursera
chatresh.nigam256@example.com,Python,Coursera
vincent.chada257@example.com,Python,Coursera
ekiya.singhal258@example.com,Python,Coursera
timothy.sibal259@example.com,Python,Coursera
kashish.ghosh260@example.com,Python,Coursera
alexander.rastogi261@example.com,Python,Coursera
adweta.choudhry262@example.com,Python,Coursera
devika.chana263@example.com,Python,Coursera
harsh.shanker264@example.com,Python,Coursera
alka.date265@example.com,Python,Coursera
samesh.natt266@example.com,Python,Coursera
yashoda.nagi267@example.com,Python,Coursera
michael.keer268@example.com,Python,Coursera
jeremiah.batta269@example.com,Python,Coursera
yashoda.dugar270@example.com,Python,Coursera
william.rastogi271@example.com,Python,Coursera
yamini.grover272@example.com,Python,Coursera
barkha.kohli273@example.com,Python,Coursera
ekbal.pradhan274@example.com,Python,Coursera
upma.borah275@example.com,Python,Coursera
banjeet.kara276@example.com,Python,Coursera
deepa.dhillon277@example.com,Python,Coursera
sai.mall278@example.com,Python,Coursera
shivani.lata279@example.com,Python,Coursera
madhav.master280@example.com,Python,Coursera
jagvi.gole281@example.com,Python,Coursera
vihaan.subramanian282@example.com,Python,Coursera
vincent.comar283@example.com,Python,Coursera
suhani.vyas284@example.com,Python,Coursera
vritti.raja285@example.com,Python,Coursera
ekta.badami286@example.com,Python,Coursera
samar.sha287@example.com,Python,Coursera
varsha.ben288@example.com,Python,Coursera
jack.barman289@example.com,Python,Coursera
bimala.om290@example.com,Python,Coursera
yashawini.ben291@example.com,Python,Coursera
saumya.dar292@example.com,Python,Coursera
harsh.keer293@example.com,Python,Coursera
krishna.sur294@example.com,Python,Coursera
mohini.ratti295@example.com,Python,Coursera
hema.karan296@example.com,Python,Coursera
rachita.saha297@example.com,Python,Coursera
peter.raja298@example.com,Python,Coursera
devansh.kade299@example.com,Python,Coursera
rajeshri.gopal300@example.com,Python,Coursera
nikita.seth301@example.com,Python,Coursera
reyansh.narang302@example.com,Python,Coursera
advay.peri303@example.com,Python,Coursera
gauri.luthra304@example.com,Python,Coursera
pratyush.d’alia305@example.com,Python,Coursera
pooja.pillay306@example.com,Python,Coursera
kamya.sawhney307@example.com,Python,Coursera
indali.talwar308@example.com,Python,Coursera
oeshi.modi309@example.com,Python,Coursera
gautam.rastogi310@example.com,Python,Coursera
abhimanyu.subramaniam311@example.com,Python,Coursera
vamakshi.mand312@example.com,Python,Coursera
vamakshi.toor313@example.com,Python,Coursera
praneel.deshpande314@example.com,Python,Coursera
raksha.mahal315@example.com,Python,Coursera
mekhala.bala316@example.com,Python,Coursera
ekalinga.bir317@example.com,Python,Coursera
jacob.madan318@example.com,Python,Coursera
isha.suri319@example.com,Python,Coursera
jagat.muni320@example.com,Python,Coursera
ranveer.bakshi321@example.com,Python,Coursera
ridhi.bora322@example.com,Python,Coursera
jagdish.lalla323@example.com,Python,Coursera
hredhaan.dhar324@example.com,Python,Coursera
gaurika.aggarwal325@example.com,Python,Coursera
jagvi.nigam326@example.com,Python,Coursera
sneha.kunda327@example.com,Python,Coursera
zehaan.dutta328@example.com,Python,Coursera
girish.murty329@example.com,Python,Coursera
rajata.pau330@example.com,Python,Coursera
saksham.deol331@example.com,Python,Coursera
logan.keer332@example.com,Python,Coursera
harshil.chadha333@example.com,Python,Coursera
mugdha.tank334@example.com,Python,Coursera
vasana.bail335@example.com,Python,Coursera
chaitanya.pandey336@example.com,Python,Coursera
sneha.chada337@example.com,Python,Coursera
suhani.pai338@example.com,Python,Coursera
bhanumati.din339@example.com,Python,Coursera
joshua.bhat340@example.com,Python,Coursera
zayyan.narula341@example.com,Python,Coursera
chameli.warrior342@example.com,Python,Coursera
aarav.bose343@example.com,Python,Coursera
bhavya.kuruvilla344@example.com,Python,Coursera
ishani.sahota345@example.com,Python,Coursera
bhanumati.halder346@example.com,Python,Coursera
gauri.gupta347@example.com,Python,Coursera
lucky.nigam348@example.com,Python,Coursera
tanmayi.sandhu349@example.com,Python,Coursera
dayamai.arya350@example.com,Python,Coursera
keya.jha351@example.com,Python,Coursera
vincent.sundaram352@example.com,Python,Coursera
alexander.gola353@example.com,Python,Coursera
shaurya.verma354@example.com,Python,Coursera
vansha.sami355@example.com,Python,Coursera
siddharth.nair356@example.com,Python,Coursera
bhavna.mohanty357@example.com,Python,Coursera
bhavini.acharya358@example.com,Python,Coursera
harinakshi.das359@example.com,Python,Coursera
anvi.raju360@example.com,Python,Coursera
garima.mand361@example.com,Python,Coursera
sachi.kalla362@example.com,Python,Coursera
tanay.bhargava363@example.com,Python,Coursera
aadi.kunda364@example.com,Python,Coursera
jonathan.nadig365@example.com,Python,Coursera
jonathan.manne366@example.com,Python,Coursera
anmol.date367@example.com,Python,Coursera
yug.deo368@example.com,Python,Coursera
adya.anand369@example.com,Python,Coursera
vritti.krishnan370@example.com,Python,Coursera
gaurav.bava371@example.com,Python,Coursera
rajata.chakraborty372@example.com,Python,Coursera
nirja.bakshi373@example.com,Python,Coursera
orinder.chana374@example.com,Python,Coursera
anirudh.kanda375@example.com,Python,Coursera
ishita.prasad376@example.com,Python,Coursera
hemang.varty377@example.com,Python,Coursera
aarini.hayre378@example.com,Python,Coursera
eiravati.doctor379@example.com,Python,Coursera
charita.bhagat380@example.com,Python,Coursera
vrinda.sabharwal381@example.com,Python,Coursera
libni.rai382@example.com,Python,Coursera
meera.bhatnagar383@example.com,Python,Coursera
chakradhar.sheth384@example.com,Python,Coursera
hemani.bhatnagar385@example.com,Python,Coursera
nimrat.mutti386@example.com,Python,Coursera
osha.lalla387@example.com,Python,Coursera
amara.keer388@example.com,Python,Coursera
falak.hegde389@example.com,Python,Coursera
chakradev.sarma390@example.com,Python,Coursera
isaac.biswas391@example.com,Python,Coursera
nilima.luthra392@example.com,Python,Coursera
nidhi.dora393@example.com,Python,Coursera
qasim.shankar394@example.com,Python,Coursera
yamini.soman395@example.com,Python,Coursera
utkarsh.goel396@example.com,Python,Coursera
ekaraj.deo397@example.com,Python,Coursera
vyanjana.goyal398@example.com,Python,Coursera
kritika.dubey399@example.com,Python,Coursera
kashish.lata400@example.com,Python,Coursera
ayushman.majumdar401@example.com,Python,Coursera
jairaj.bhatti402@example.com,Python,Coursera
qushi.chhabra403@example.com,Python,Coursera
avi.sahni404@example.com,Python,Coursera
yuvraj.sabharwal405@example.com,Python,Coursera
om.anne406@example.com,Python,Coursera
warjas.ranganathan407@example.com,Python,Coursera
maya.contractor408@example.com,Python,Coursera
eesha.ben409@example.com,Python,Coursera
varsha.golla410@example.com,Python,Coursera
yashoda.kota411@example.com,Python,Coursera
advay.tank412@example.com,Python,Coursera
meghana.batra413@example.com,Python,Coursera
mahika.krish414@example.com,Python,Coursera
onveer.varty415@example.com,Python,Coursera
ganga.patla416@example.com,Python,Coursera
harrison.din417@example.com,Python,Coursera
yahvi.dyal418@example.com,Python,Coursera
manbir.chana419@example.com,Python,Coursera
vivaan.mitter420@example.com,Python,Coursera
max.more421@example.com,Python,Coursera
yahvi.raju422@example.com,Python,Coursera
keya.dave423@example.com,Python,Coursera
nidra.prakash424@example.com,Python,Coursera
meera.natarajan425@example.com,Python,Coursera
chanakya.sodhi426@example.com,Python,Coursera
falak.upadhyay427@example.com,Python,Coursera
arya.saini428@example.com,Python,Coursera
dalbir.viswanathan429@example.com,Python,Coursera
rudra.pandya430@example.com,Python,Coursera
vedhika.pant431@example.com,Python,Coursera
nidhi.krishna432@example.com,Python,Coursera
darika.malhotra433@example.com,Python,Coursera
kiaan.venkatesh434@example.com,Python,Coursera
avi.palan435@example.com,Python,Coursera
vaishnavi.deshpande436@example.com,Python,Coursera
jagdish.shan437@example.com,Python,Coursera
dakshesh.dhingra438@example.com,Python,Coursera
aadhya.thakur439@example.com,Python,Coursera
anvi.shukla440@example.com,Python,Coursera
hema.prashad441@example.com,Python,Coursera
chasmum.lanka442@example.com,Python,Coursera
samarth.sethi443@example.com,Python,Coursera
lakshmi.banik444@example.com,Python,Coursera
harini.prabhakar445@example.com,Python,Coursera
yamini.manne446@example.com,Python,Coursera
ansh.behl447@example.com,Python,Coursera
liam.gupta448@example.com,Python,Coursera
leela.mohan449@example.com,Python,Coursera
pahal.andra450@example.com,Python,Coursera
darsh.aggarwal451@example.com,Python,Coursera
siya.gaba452@example.com,Python,Coursera
shivansh.sathe453@example.com,Python,Coursera
daksha.sane454@example.com,Python,Coursera
upasna.minhas455@example.com,Python,Coursera
sanya.mutti456@example.com,Python,Coursera
rudra.deol457@example.com,Python,Coursera
osha.soni458@example.com,Python,Coursera
manthan.dasgupta459@example.com,Python,Coursera
dalaja.ahuja460@example.com,Python,Coursera
inaya.vora461@example.com,Python,Coursera
jagdish.radhakrishnan462@example.com,Python,Coursera
anya.kashyap463@example.com,Python,Coursera
anvi.bajaj464@example.com,Python,Coursera
vedika.trivedi465@example.com,Python,Coursera
harrison.mandal466@example.com,Python,Coursera
matthew.raman467@example.com,Python,Coursera
urvashi.kibe468@example.com,Python,Coursera
jhalak.sankaran469@example.com,Python,Coursera
gagan.babu470@example.com,Python,Coursera
qadim.banerjee471@example.com,Python,Coursera
jackson.narayanan472@example.com,Python,Coursera
aradhana.dhar473@example.com,Python,Coursera
qadim.bath474@example.com,Python,Coursera
chandani.hayer475@example.com,Python,Coursera
aadhya.gopal476@example.com,Python,Coursera
dipta.mander477@example.com,Python,Coursera
ekapad.radhakrishnan478@example.com,Python,Coursera
arunima.sankar479@example.com,Python,Coursera
yutika.sandhu480@example.com,Python,Coursera
ekapad.ramachandran481@example.com,Python,Coursera
abha.talwar482@example.com,Python,Coursera
warda.mohanty483@example.com,Python,Coursera
ikshita.bir484@example.com,Python,Coursera
fitan.palla485@example.com,Python,Coursera
mugdha.ramachandran486@example.com,Python,Coursera
arya.sunder487@example.com,Python,Coursera
abha.grover488@example.com,Python,Coursera
noah.agate489@example.com,Python,Coursera
kamya.gour490@example.com,Python,Coursera
vivaan.shanker491@example.com,Python,Coursera
vritti.de492@example.com,Python,Coursera
mohini.bal493@example.com,Python,Coursera
akshay.pandey494@example.com,Python,Coursera
amrita.anne495@example.com,Python,Coursera
aradhana.more496@example.com,Python,Coursera
sanya.ram497@example.com,Python,Coursera
hemang.goyal498@example.com,Python,Coursera
fariq.nayak499@example.com,Python,Coursera
