id,start_time,end_time
1,2026-08-24T09:00:00,2026-08-24T09:30:00
2,2026-08-24T09:30:00,2026-08-24T10:00:00
3,2026-08-24T10:00:00,2026-08-24T10:30:00
4,2026-08-24T10:30:00,2026-08-24T11:00:00
5,2026-08-24T11:00:00,2026-08-24T11:30:00
6,2026-08-24T11:30:00,2026-08-24T12:00:00
7,2026-08-24T12:00:00,2026-08-24T12:30:00
8,2026-08-24T12:30:00,2026-08-24T13:00:00
9,2026-08-24T13:00:00,2026-08-24T13:30:00
10,2026-08-24T13:30:00,2026-08-24T14:00:00
11,2026-08-24T14:00:00,2026-08-24T14:30:00
12,2026-08-24T14:30:00,2026-08-24T15:00:00
13,2026-08-24T15:00:00,2026-08-24T15:30:00
14,2026-08-24T15:30:00,2026-08-24T16:00:00
15,2026-08-24T16:00:00,2026-08-24T16:30:00
16,2026-08-24T16:30:00,2026-08-24T17:00:00
17,2026-08-25T09:00:00,2026-08-25T09:30:00
18,2026-08-25T09:30:00,2026-08-25T10:00:00
19,2026-08-25T10:00:00,2026-08-25T10:30:00
20,2026-08-25T10:30:00,2026-08-25T11:00:00
21,2026-08-25T11:00:00,2026-08-25T11:30:00
22,2026-08-25T11:30:00,2026-08-25T12:00:00
23,2026-08-25T12:00:00,2026-08-25T12:30:00
24,2026-08-25T12:30:00,2026-08-25T13:00:00
25,2026-08-25T13:00:00,2026-08-25T13:30:00
26,2026-08-25T13:30:00,2026-08-25T14:00:00
27,2026-08-25T14:00:00,2026-08-25T14:30:00
28,2026-08-25T14:30:00,2026-08-25T15:00:00
29,2026-08-25T15:00:00,2026-08-25T15:30:00
30,2026-08-25T15:30:00,2026-08-25T16:00:00
31,2026-08-25T16:00:00,2026-08-25T16:30:00
32,2026-08-25T16:30:00,2026-08-25T17:00:00
33,2026-08-26T09:00:00,2026-08-26T09:30:00
34,2026-08-26T09:30:00,2026-08-26T10:00:00
35,2026-08-26T10:00:00,2026-08-26T10:30:00
36,2026-08-26T10:30:00,2026-08-26T11:00:00
37,2026-08-26T11:00:00,2026-08-26T11:30:00
38,2026-08-26T11:30:00,2026-08-26T12:00:00
39,2026-08-26T12:00:00,2026-08-26T12:30:00
40,2026-08-26T12:30:00,2026-08-26T13:00:00
41,2026-08-26T13:00:00,2026-08-26T13:30:00
42,2026-08-26T13:30:00,2026-08-26T14:00:00
43,2026-08-26T14:00:00,2026-08-26T14:30:00
44,2026-08-26T14:30:00,2026-08-26T15:00:00
45,2026-08-26T15:00:00,2026-08-26T15:30:00
46,2026-08-26T15:30:00,2026-08-26T16:00:00
47,2026-08-26T16:00:00,2026-08-26T16:30:00
48,2026-08-26T16:30:00,2026-08-26T17:00:00
49,2026-08-27T09:00:00,2026-08-27T09:30:00
50,2026-08-27T09:30:00,2026-08-27T10:00:00
51,2026-08-27T10:00:00,2026-08-27T10:30:00
52,2026-08-27T10:30:00,2026-08-27T11:00:00
53,2026-08-27T11:00:00,2026-08-27T11:30:00
54,2026-08-27T11:30:00,2026-08-27T12:00:00
55,2026-08-27T12:00:00,2026-08-27T12:30:00
56,2026-08-27T12:30:00,2026-08-27T13:00:00
57,2026-08-27T13:00:00,2026-08-27T13:30:00
58,2026-08-27T13:30:00,2026-08-27T14:00:00
59,2026-08-27T14:00:00,2026-08-27T14:30:00
60,2026-08-27T14:30:00,2026-08-27T15:00:00
61,2026-08-27T15:00:00,2026-08-27T15:30:00
62,2026-08-27T15:30:00,2026-08-27T16:00:00
63,2026-08-27T16:00:00,2026-08-27T16:30:00
64,2026-08-27T16:30:00,2026-08-27T17:00:00
65,2026-08-28T09:00:00,2026-08-28T09:30:00
66,2026-08-28T09:30:00,2026-08-28T10:00:00
67,2026-08-28T10:00:00,2026-08-28T10:30:00
68,2026-08-28T10:30:00,2026-08-28T11:00:00
69,2026-08-28T11:00:00,2026-08-28T11:30:00
70,2026-08-28T11:30:00,2026-08-28T12:00:00
71,2026-08-28T12:00:00,2026-08-28T12:30:00
72,2026-08-28T12:30:00,2026-08-28T13:00:00
73,2026-08-28T13:00:00,2026-08-28T13:30:00
74,2026-08-28T13:30:00,2026-08-28T14:00:00
75,2026-08-28T14:00:00,2026-08-28T14:30:00
76,2026-08-28T14:30:00,2026-08-28T15:00:00
77,2026-08-28T15:00:00,2026-08-28T15:30:00
78,2026-08-28T15:30:00,2026-08-28T16:00:00
79,2026-08-28T16:00:00,2026-08-28T16:30:00
80,2026-08-28T16:30:00,2026-08-28T17:00:00
